Watch,strike,open_interest.yt,open_interest.td,OI_Dollar.yt,OI_Dollar.td,Date.td,expiry,stkClose,diff_oi,diff_oi_d,totalOI,totalOIdiff,OI_pct,cum_sep_OI,pct
415.75,400,35961,38524,64657878,60675300,2023-10-30,2023-11-17,410.68,2563,-3982578,224258015,-22838844,27.0560229474964,27.0560229474964,-0.0656375493817089
419.6,400,13950,14013,30034350,27465480,2023-10-30,2023-12-15,410.68,63,-2568870,464898391,-24053256,5.90784578559662,5.90784578559662,-0.0935308612847835
415.88,385,7347,7389,25347150,22817232,2023-10-30,2023-12-15,410.68,42,-2529918,464898391,-24053256,4.9080040804013,10.8158498659979,-0.110877515730217
417.59,355,3330,3323,20852460,20798657,2023-10-30,2023-12-15,410.68,-7,-53803,464898391,-24053256,4.47380705174349,15.2896569177414,-0.0025868497182294
420.97,415,34016,33924,25614048,20252628,2023-10-30,2023-11-17,410.68,-92,-5361420,224258015,-22838844,9.03094946238599,36.0869724098824,-0.26472712578338
418.73,410,12728,21102,13517136,18422046,2023-10-30,2023-11-17,410.68,8374,4904910.00000001,224258015,-22838844,8.21466559400341,44.3016380038858,0.266252185017886
427.68,420,22710,23834,20439000,18304512,2023-10-30,2023-12-15,410.68,1124,-2134488,464898391,-24053256,3.93731455181569,19.2269714695571,-0.116609937484266
423.22,410,11053,11901,16391599,15733122,2023-10-30,2023-12-15,410.68,848,-658477,464898391,-24053256,3.38420659322093,22.611178062778,-0.0418529138717668
417.71,370,3270,3270,15735240,15601170,2023-10-30,2023-12-15,410.68,0,-134069.999999998,464898391,-24053256,3.35582361695031,25.9670016797283,-0.00859358625026188
425.3,415,12177,13532,14368860,13937960,2023-10-30,2023-12-15,410.68,1355,-430900,464898391,-24053256,2.99806587198965,28.965067551718,-0.0309155715757543
433.79,430,36030,36436,16645860,13809244,2023-10-30,2023-12-15,410.68,406,-2836616,464898391,-24053256,2.9703789617977,31.9354465135157,-0.205414286256366
414.69,380,3948,3948,15657768,13695612,2023-10-30,2023-12-15,410.68,0,-1962156,464898391,-24053256,2.94593663155956,34.8813831450753,-0.143268953588931
417.6,390,4559,4560,14456589,12585600,2023-10-30,2023-12-15,410.68,1,-1870989,464898391,-24053256,2.70717220012921,37.5885553452045,-0.148661088863463
421.5,405,6681,6855,12065886,11310750,2023-10-30,2023-12-15,410.68,174,-755135.999999998,464898391,-24053256,2.43295098863872,40.0215063338432,-0.066762681519793
423.75,420,23175,29433,11587500,11037375,2023-10-30,2023-11-17,410.68,6258,-550125,224258015,-22838844,4.92173044517495,49.2233684490608,-0.0498420140658445
420.48,414,13888,16649,11263168,10788552,2023-10-30,2023-11-17,410.68,2761,-474616,224258015,-22838844,4.81077655128625,54.034145000347,-0.0439925580374456
412.23,300,936,936,10809864,10504728,2023-10-30,2023-12-15,410.68,0,-305136,464898391,-24053256,2.25957503905407,42.2810813728973,-0.029047491757997
417.02,320,1054,1054,10225908,10225908,2023-10-30,2023-12-15,410.68,0,0,464898391,-24053256,2.19960064348771,44.480682016385,0
418,395,4233,4243,10582500,9758900,2023-10-30,2023-12-15,410.68,10,-823600,464898391,-24053256,2.09914686497592,46.5798288813609,-0.0843947576058777
427.54,350,1252,1252,9708008,9708008,2023-10-30,2023-12-15,410.68,0,0,464898391,-24053256,2.08819995679443,48.6680288381553,0
417.04,330,1022,1022,0,8895488,2023-10-30,2023-12-15,410.68,0,8895488,464898391,-24053256,1.91342628243254,50.5814551205879,1
414.76,250,531,531,8748756,8748756,2023-10-30,2023-12-15,410.68,0,0,464898391,-24053256,1.88186411684096,52.4633192374288,0
418.05,365,1634,1634,8668370,8668370,2023-10-30,2023-12-15,410.68,0,0,464898391,-24053256,1.8645730266681,54.3278922640969,0
422.53,409,4316,6037,6379048,8168061,2023-10-30,2023-12-15,410.68,1721,1789013,464898391,-24053256,1.75695617754891,56.0848484416458,0.21902542108831
427.12,425,36300,37230,10890000,7892760,2023-10-30,2023-11-17,410.68,930,-2997240,224258015,-22838844,3.51949962635672,57.5536446267038,-0.379745488270263
416.4,400,4355,4499,8013200,7378360,2023-10-30,2023-11-24,410.68,144,-634840.000000001,37741766,-2420140,19.5495886440502,19.5495886440502,-0.0860408003946678
431.07,430,63189,64257,10299807,6875499,2023-10-30,2023-11-17,410.68,1068,-3424308,224258015,-22838844,3.06588774541681,60.6195323721206,-0.498045014623666
425.64,416,5939,6919,6592290,6669916,2023-10-30,2023-12-15,410.68,980,77626.0000000009,464898391,-24053256,1.43470404052227,57.5195524821681,0.011638227527903
415.71,375,1630,1630,7219270,6635730,2023-10-30,2023-12-15,410.68,0,-583540,464898391,-24053256,1.42735060573699,58.9469030879051,-0.0879390813068042
437.46,435,26596,26942,8111780,6627732,2023-10-30,2023-12-15,410.68,346,-1484048,464898391,-24053256,1.4256302298108,60.3725333177159,-0.223914907844795
441.51,440,44872,42833,8435936,6467783,2023-10-30,2023-12-15,410.68,-2039,-1968153,464898391,-24053256,1.39122507739546,61.7637583951113,-0.304301025560072
430.53,425,11729,11290,7741140,6243370,2023-10-30,2023-12-15,410.68,-439,-1497770,464898391,-24053256,1.34295366920296,63.1067120643143,-0.239897683462617
426.5,418,6668,6734,6627992,5723900,2023-10-30,2023-12-15,410.68,66,-904092,464898391,-24053256,1.23121527430711,64.3379273386214,-0.157950348538584
428.79,422,8268,8419,6606132,5716501,2023-10-30,2023-12-15,410.68,151,-889631.000000001,464898391,-24053256,1.22962374373974,65.5675510823611,-0.155625093042055
414,360,1055,1054,6103175,5691600,2023-10-30,2023-12-15,410.68,-1,-411575,464898391,-24053256,1.22426751956644,66.7918186019276,-0.072312706444585
413.8,150,212,214,5615880,5645320,2023-10-30,2023-12-15,410.68,2,29440,464898391,-24053256,1.21431265611758,68.0061312580452,0.00521493909999787
427.17,419,6563,6598,6116716,5390566,2023-10-30,2023-12-15,410.68,35,-726150,464898391,-24053256,1.15951487558493,69.1656461336301,-0.134707561321019
417.75,405,4228,4048,6976200,5161200,2023-10-30,2023-11-24,410.68,-180,-1815000,37741766,-2420140,13.6750357680666,33.2246244121168,-0.351662404092072
420.46,403,2943,2943,6268590,5138478,2023-10-30,2023-12-15,410.68,0,-1130112,464898391,-24053256,1.10529055369434,70.2709366873244,-0.219931271477663
420.71,391,1703,1702,5187338,5056642,2023-10-30,2023-12-15,410.68,-1,-130696,464898391,-24053256,1.08768756741083,71.3586242547353,-0.0258464016238444
420.15,402,2646,2663,5874120,4833345,2023-10-30,2023-12-15,410.68,17,-1040775,464898391,-24053256,1.03965621167314,72.3982804664084,-0.215332238853217
424.76,414,4249,4430,5298503,4766680,2023-10-30,2023-12-15,410.68,181,-531823.000000001,464898391,-24053256,1.02531651911009,73.4235969855185,-0.111570946654695
422.6,418,9930,10115,5908350,4652900,2023-10-30,2023-11-17,410.68,185,-1255450,224258015,-22838844,2.07479763878228,62.6943300109029,-0.269820971867008
419.59,412,5417,6130,5032393,4652670,2023-10-30,2023-11-17,410.68,713,-379722.999999999,224258015,-22838844,2.07469507834536,64.7690250892482,-0.0816139979839531
418.03,408,4204,4634,4779948,4647902,2023-10-30,2023-11-17,410.68,430,-132046,224258015,-22838844,2.07256895589663,66.8415940451448,-0.0284098072635783
426.25,417,4846,5004,5160990,4628700,2023-10-30,2023-12-15,410.68,158,-532290,464898391,-24053256,0.995636915422235,74.4192339009407,-0.114997731544494
420.26,394,1762,1762,4627012,4627012,2023-10-30,2023-12-15,410.68,0,0,464898391,-24053256,0.995273825329286,75.41450772627,0
422.52,408,2341,3151,3733895,4575252,2023-10-30,2023-12-15,410.68,810,841357.000000001,464898391,-24053256,0.984140209682937,76.398647935953,0.183893040208496
412.45,400,2988,3522,4482000,4384890,2023-10-30,2023-11-03,410.68,534,-97110.0000000009,29305218,2705960,14.9628301690163,14.9628301690163,-0.022146507666099
424.47,200,194,194,4354718,4354718,2023-10-30,2023-12-15,410.68,0,0,464898391,-24053256,0.93670317736161,77.3353511133146,0
421.49,407,1485,2979,2496285,4316571,2023-10-30,2023-12-15,410.68,1494,1820286,464898391,-24053256,0.928497728442343,78.2638488417569,0.421697222170098
435.93,433,13457,14277,4723407,4183161,2023-10-30,2023-12-15,410.68,820,-540246,464898391,-24053256,0.899801135254951,79.1636499770119,-0.129147790391046
422,417,7749,8362,5005854,4181000,2023-10-30,2023-11-17,410.68,613,-824854,224258015,-22838844,1.86437037713011,68.705964422275,-0.197286295144702
429.96,424,6745,6854,4512405,4084984,2023-10-30,2023-12-15,410.68,109,-427421.000000001,464898391,-24053256,0.878683187354804,80.0423331643667,-0.104632233565664
429.47,423,5965,6189,4396205,4004283,2023-10-30,2023-12-15,410.68,224,-391922,464898391,-24053256,0.861324340440662,80.9036575048073,-0.097875699594659
433.19,429,8295,9120,4106025,3821280,2023-10-30,2023-12-15,410.68,825,-284745,464898391,-24053256,0.821960254966768,81.7256177597741,-0.0745156073357617
423.76,411,2409,2623,3295512,3346948,2023-10-30,2023-12-15,410.68,214,51435.9999999991,464898391,-24053256,0.719931078445053,82.4455488382192,0.0153680308149392
423.42,392,1033,1033,3245686,3245686,2023-10-30,2023-12-15,410.68,0,0,464898391,-24053256,0.698149544681905,83.1436983829011,0
420,413,4190,4630,3653680,3241000,2023-10-30,2023-11-17,410.68,440,-412680,224258015,-22838844,1.44521033060959,70.1511747528845,-0.127331070657205
425.04,422,9286,10655,3825832,3239120,2023-10-30,2023-11-17,410.68,1369,-586712,224258015,-22838844,1.44437201051655,71.5955467634011,-0.181133147274568
431.15,426,5510,6276,3250900,3232140,2023-10-30,2023-12-15,410.68,766,-18760.0000000005,464898391,-24053256,0.695235789706142,83.8389341726072,-0.00580420402581586
419.15,411,1378,3918,1369732,3193170,2023-10-30,2023-11-17,410.68,2540,1823438,224258015,-22838844,1.42388221888078,73.0194289822819,0.571043195320011
432.45,428,6915,7135,3962295,3175075,2023-10-30,2023-12-15,410.68,220,-787220.000000001,464898391,-24053256,0.682961064496349,84.5218952371036,-0.24793745029645
418.36,409,1339,3351,1442103,3136536,2023-10-30,2023-11-17,410.68,2012,1694433,224258015,-22838844,1.39862827199286,74.4180572542747,0.5402243111509
418.05,350,453,453,3082665,3082665,2023-10-30,2023-11-17,410.68,0,0,224258015,-22838844,1.37460638809275,75.7926636423675,0
435.21,432,9001,9086,3393377,2916606,2023-10-30,2023-12-15,410.68,85,-476771,464898391,-24053256,0.62736418461814,85.1492594217217,-0.163467742986197
445.89,445,32880,32442,3715440,2887338,2023-10-30,2023-12-15,410.68,-438,-828102,464898391,-24053256,0.621068615399876,85.7703280371216,-0.286804662287546
439.84,438,15678,15554,3590262,2861936,2023-10-30,2023-12-15,410.68,-124,-728326.000000001,464898391,-24053256,0.615604625742833,86.3859326628644,-0.254487172319717
417.78,415,5999,10236,2567572,2845608,2023-10-30,2023-11-03,410.68,4237,278036,29305218,2705960,9.71024341125871,24.673073580275,0.0977070629545602
426.41,424,10975,11442,3698575,2757522,2023-10-30,2023-11-17,410.68,467,-941053,224258015,-22838844,1.22962026574613,77.0222839081136,-0.341267630865683
425.74,423,9150,9848,3431250,2698352,2023-10-30,2023-11-17,410.68,698,-732898,224258015,-22838844,1.20323547856249,78.2255193866761,-0.271609486086322
413.62,310,269,259,2883411,2683758,2023-10-30,2023-12-15,410.68,-10,-199653,464898391,-24053256,0.577278401464719,86.9632110643291,-0.0743930712083578
417.17,405,1386,2167,1897434,2637239,2023-10-30,2023-11-17,410.68,781,739805,224258015,-22838844,1.1759842786444,79.4015036653205,0.280522546496544
423.15,419,6980,6224,3825040,2582960,2023-10-30,2023-11-17,410.68,-756,-1242080,224258015,-22838844,1.1517804614475,80.553284126768,-0.480874655434076
434.55,431,7154,7235,2925986,2568425,2023-10-30,2023-12-15,410.68,81,-357561,464898391,-24053256,0.552470184823677,87.5156812491528,-0.13921410981438
424.73,420,4978,5244,2937020,2480412,2023-10-30,2023-11-24,410.68,266,-456608,37741766,-2420140,6.57206130735907,39.7966857194759,-0.184085547078469
424.3,225,123,123,2451390,2451390,2023-10-30,2023-12-15,410.68,0,0,464898391,-24053256,0.527295866678962,88.0429771158318,0
450.53,450,43324,44374,2816060,2351822,2023-10-30,2023-12-15,410.68,1050,-464238,464898391,-24053256,0.505878713613358,88.5488558294451,-0.197395040951228
443.26,442,18737,18662,2660654,2351412,2023-10-30,2023-12-15,410.68,-75,-309242,464898391,-24053256,0.505790522299313,89.0546463517444,-0.131513320506997
436.68,434,8862,8557,2862426,2293276,2023-10-30,2023-12-15,410.68,-305,-569150,464898391,-24053256,0.493285424169171,89.5479317759136,-0.248182076644939
422.45,420,7573,9256,2673269,2267720,2023-10-30,2023-11-10,410.68,1683,-405549,22301235,3339264,10.1685848339789,10.1685848339789,-0.178835570528989
428.64,427,11631,13700,2779809,2246800,2023-10-30,2023-11-17,410.68,2069,-533009,224258015,-22838844,1.00188169417267,81.5551658209407,-0.237230283069254
413.04,340,306,306,2409444,2235024,2023-10-30,2023-12-15,410.68,0,-174420,464898391,-24053256,0.480755374350177,90.0286871502638,-0.078039430449069
421.56,416,3667,4009,2522896,2229004,2023-10-30,2023-11-17,410.68,342,-293892.000000001,224258015,-22838844,0.993946191845138,82.5491120127858,-0.131849023151148
419.44,415,2671,4922,1605271,2185368,2023-10-30,2023-11-10,410.68,2251,580097,22301235,3339264,9.79931380481843,19.9678986387974,0.265445911169194
415.05,399,1236,1339,2777292,2149095,2023-10-30,2023-11-17,410.68,103,-628197,224258015,-22838844,0.958313574656406,83.5074255874422,-0.292307692307692
416.81,406,1437,1979,1869537,2139299,2023-10-30,2023-11-17,410.68,542,269762,224258015,-22838844,0.953945391873731,84.461370979316,0.126098315382749
419.8,370,421,421,2096580,2096580,2023-10-30,2023-11-17,410.68,0,0,224258015,-22838844,0.934896351419146,85.3962673307351,0
419.9,325,217,217,2059330,2059330,2023-10-30,2023-12-15,410.68,0,0,464898391,-24053256,0.442963460374721,90.4716506106385,0
424.2,413,1677,1826,2188485,2045120,2023-10-30,2023-12-15,410.68,149,-143365,464898391,-24053256,0.439906878490358,90.9115574891289,-0.070101020966985
428.24,421,2868,2791,2403384,2020684,2023-10-30,2023-12-15,410.68,-77,-382700.000000001,464898391,-24053256,0.434650676173237,91.3462081653021,-0.189391315020063
422.14,415,1582,2781,1306732,1985634,2023-10-30,2023-11-24,410.68,1199,678902,37741766,-2420140,5.26110516397139,45.0577908834473,0.341906917387595
431.75,427,3907,4170,2180106,1980750,2023-10-30,2023-12-15,410.68,263,-199356,464898391,-24053256,0.426060842185191,91.7722690074873,-0.100646724725483
417.2,414,2370,6171,1147080,1974720,2023-10-30,2023-11-03,410.68,3801,827640,29305218,2705960,6.73845865947832,31.4115322397533,0.419117647058824
438.28,436,8879,8491,2361814,1935948,2023-10-30,2023-12-15,410.68,-388,-425866.000000001,464898391,-24053256,0.416423897668426,92.1886929051557,-0.219978015938445
435.47,435,39664,40899,3133456,1922253,2023-10-30,2023-11-17,410.68,1235,-1211203,224258015,-22838844,0.857161337132142,86.2534286678672,-0.630095518123785
421.18,420,9625,16011,2088625,1889298,2023-10-30,2023-11-03,410.68,6386,-199327,29305218,2705960,6.44696790858202,37.8585001483354,-0.105503208069876
417.76,407,924,1687,1158696,1815212,2023-10-30,2023-11-17,410.68,763,656516,224258015,-22838844,0.809430155707032,87.0628588235743,0.361674559225038
440.21,440,85229,85022,2983015,1785462,2023-10-30,2023-11-17,410.68,-207,-1197553,224258015,-22838844,0.796164186149601,87.8590230097239,-0.670724439948876
421.08,406,579,1162,1050306,1752296,2023-10-30,2023-12-15,410.68,583,701990,464898391,-24053256,0.37692021179742,92.5656131169531,0.400611540515986
424.46,421,4310,5002,1956740,1730692,2023-10-30,2023-11-17,410.68,692,-226048,224258015,-22838844,0.771741424715634,88.6307644344395,-0.130611339279317
415.3,405,1027,1668,1239589,1718040,2023-10-30,2023-11-10,410.68,641,478451,22301235,3339264,7.70378860184201,27.6716872406394,0.278486531163419
417.11,410,695,2409,590750,1712799,2023-10-30,2023-11-10,410.68,1714,1122049,22301235,3339264,7.68028766119903,35.3519749018384,0.65509671596025
429.43,428,11875,11853,2505625,1694979,2023-10-30,2023-11-17,410.68,-22,-810646,224258015,-22838844,0.755816464352456,89.386580898792,-0.478263152522834
427.88,426,8964,8786,2402352,1651768,2023-10-30,2023-11-17,410.68,-178,-750584,224258015,-22838844,0.736548033745862,90.1231289325378,-0.454412484077667
425.23,260,99,99,1635777,1635777,2023-10-30,2023-12-15,410.68,0,0,464898391,-24053256,0.351856885647944,92.9174700026011,0
420.75,404,1021,965,1894976,1616375,2023-10-30,2023-12-15,410.68,-56,-278601,464898391,-24053256,0.347683500586691,93.2651535031878,-0.172361611630964
415.23,410,1340,2995,931300,1566385,2023-10-30,2023-11-03,410.68,1655,635085,29305218,2705960,5.34507199366338,43.2035721419987,0.405446298323848
439.03,437,8395,7696,1972825,1562288,2023-10-30,2023-12-15,410.68,-699,-410537,464898391,-24053256,0.336049345457941,93.6012028486457,-0.262779333900024
420.97,290,119,119,1558543,1558543,2023-10-30,2023-12-15,410.68,0,0,464898391,-24053256,0.335243793089402,93.9364466417351,0
419.89,410,1272,1574,1420824,1556686,2023-10-30,2023-11-24,410.68,302,135862,37741766,-2420140,4.1245711713649,49.1823620548122,0.0872764321128346
426.14,425,6960,12778,1266720,1456692,2023-10-30,2023-11-10,410.68,5818,189972,22301235,3339264,6.53188937742685,41.8838642792653,0.13041329258347
415.8,170,57,57,1401060,1401060,2023-10-30,2023-12-15,410.68,0,0,464898391,-24053256,0.301369079162935,94.237815720898,0
424.15,412,921,1148,1231377,1394820,2023-10-30,2023-12-15,410.68,227,163443,464898391,-24053256,0.300026850383313,94.5378425712813,0.117178560674496
416.65,413,1374,3763,736464,1373495,2023-10-30,2023-11-03,410.68,2389,637031,29305218,2705960,4.68686156847562,47.8904337104744,0.463802926111853
422,240,73,73,1328600,1328600,2023-10-30,2023-12-15,410.68,0,0,464898391,-24053256,0.28578287766111,94.8236254489425,0
440.7,439,7753,7761,1473070,1319370,2023-10-30,2023-12-15,410.68,8,-153700,464898391,-24053256,0.283797497591253,95.1074229465337,-0.116494993822809
414.07,395,677,676,1475860,1289132,2023-10-30,2023-11-17,410.68,-1,-186728,224258015,-22838844,0.574843222437334,90.6979721549751,-0.144847851112221
431.92,431,13166,13530,1803742,1244760,2023-10-30,2023-11-17,410.68,364,-558982,224258015,-22838844,0.555057084581793,91.253029239557,-0.449068093447733
419.71,418,4348,6945,1273964,1187595,2023-10-30,2023-11-03,410.68,2597,-86369.0000000002,29305218,2705960,4.05250355073284,51.9429372612072,-0.0727259713959727
444.11,443,10565,10533,1479100,1169163,2023-10-30,2023-12-15,410.68,-32,-309937,464898391,-24053256,0.251487856837947,95.3589108033717,-0.265093062301835
417.2,315,110,110,1124200,1124200,2023-10-30,2023-12-15,410.68,0,0,464898391,-24053256,0.241816281097863,95.6007270844695,0
413.42,390,454,479,1205370,1121818,2023-10-30,2023-11-17,410.68,25,-83552,224258015,-22838844,0.50023540964634,91.7532646492033,-0.0744791044536636
426.48,383,256,256,1113088,1113088,2023-10-30,2023-12-15,410.68,0,0,464898391,-24053256,0.239426081386459,95.840153165856,0
411.7,395,468,660,928512,1102200,2023-10-30,2023-11-03,410.68,192,173688,29305218,2705960,3.7611049335992,55.7040421948064,0.157583015786609
421.16,413,787,1347,755520,1099152,2023-10-30,2023-11-24,410.68,560,343632,37741766,-2420140,2.91229615487521,52.0946582096874,0.312633739464605
415.68,411,1164,2324,765912,1087632,2023-10-30,2023-11-03,410.68,1160,321720,29305218,2705960,3.71139365010013,59.4154358449065,0.295798578931109
415.57,325,120,120,1086840,1086840,2023-10-30,2023-11-03,410.68,0,0,29305218,2705960,3.70869105972868,63.1241269046352,0
421.56,414,1107,1389,1017333,1050084,2023-10-30,2023-11-24,410.68,282,32751,37741766,-2420140,2.78228634028413,54.8769445499715,0.031188933456752
416.16,412,1197,2471,709821,1027936,2023-10-30,2023-11-03,410.68,1274,318115,29305218,2705960,3.50768931321378,66.631816217849,0.309469655698409
413.8,210,48,48,978240,978240,2023-10-30,2023-11-17,410.68,0,0,224258015,-22838844,0.436211833944932,92.1894764831482,0
418.39,416,2333,4027,886540,962453,2023-10-30,2023-11-03,410.68,1694,75913.0000000001,29305218,2705960,3.28423763986332,69.9160538577123,0.0788745008847186
442.39,441,8043,6886,1238622,957154,2023-10-30,2023-12-15,410.68,-1157,-281468,464898391,-24053256,0.205884558546472,96.0460377244025,-0.294067621302319
419.41,384,266,266,941906,941906,2023-10-30,2023-12-15,410.68,0,0,464898391,-24053256,0.202604702067037,96.2486424264695,0
434.55,434,16378,17011,1310240,935605,2023-10-30,2023-11-17,410.68,633,-374635,224258015,-22838844,0.417200250345567,92.6066767334938,-0.400420049059165
417.38,235,49,49,893662,893662,2023-10-30,2023-12-15,410.68,0,0,464898391,-24053256,0.192227380713821,96.4408698071833,0
414.46,408,389,1373,319369,886958,2023-10-30,2023-11-03,410.68,984,567589,29305218,2705960,3.02662140237278,72.9426752600851,0.639927707963624
420.42,419,2905,6245,682675,886790,2023-10-30,2023-11-03,410.68,3340,204115,29305218,2705960,3.02604812562732,75.9687233857124,0.230172870690919
417.54,411,169,1327,152269,867858,2023-10-30,2023-11-10,410.68,1158,715589,22301235,3339264,3.89152439315581,45.7753886724211,0.824546181518175
448.64,448,10708,13557,867348,867648,2023-10-30,2023-12-15,410.68,2849,299.999999999884,464898391,-24053256,0.186631749388008,96.6275015565713,0.000345762336800043
419.04,417,2641,4187,850402,854148,2023-10-30,2023-11-03,410.68,1546,3746,29305218,2705960,2.91466181892931,78.8833852046417,0.00438565681825632
418.93,414,532,1728,345800,851904,2023-10-30,2023-11-10,410.68,1196,506104,22301235,3339264,3.81998575415218,49.5953744265732,0.594085718578619
412,380,269,265,944459,848000,2023-10-30,2023-11-17,410.68,-4,-96459,224258015,-22838844,0.378135871754684,92.9848126052485,-0.113748820754717
415.89,320,88,88,843832,843832,2023-10-30,2023-11-17,410.68,0,0,224258015,-22838844,0.376277298271814,93.3610899035203,0
418.01,377,189,204,780003,836604,2023-10-30,2023-12-15,410.68,15,56600.9999999998,464898391,-24053256,0.17995416120939,96.8074557177807,0.0676556650458279
432.78,432,11059,10550,1360257,822900,2023-10-30,2023-11-17,410.68,-509,-537357,224258015,-22838844,0.3669434066827,93.728033310203,-0.653004010207802
427.97,425,1899,2711,731115,805167,2023-10-30,2023-11-24,410.68,812,74052.0000000001,37741766,-2420140,2.13335804159244,57.0103025915639,0.0919709824173123
447.71,447,11422,11335,948026,804785,2023-10-30,2023-12-15,410.68,-87,-143241,464898391,-24053256,0.173109869937149,96.9805655877179,-0.177986667246532
418.46,413,883,1455,612802,794430,2023-10-30,2023-11-10,410.68,572,181628,22301235,3339264,3.56226908509775,53.157643511671,0.228626814193825
422.91,417,1196,1328,856336,784848,2023-10-30,2023-11-24,410.68,132,-71488,37741766,-2420140,2.07952113316584,59.0898237247298,-0.0910851527939168
430.23,429,6460,6376,1201560,784248,2023-10-30,2023-11-17,410.68,-84,-417312,224258015,-22838844,0.34970790230173,94.0777412125047,-0.532117391437402
420.59,300,65,65,783835,783835,2023-10-30,2023-11-17,410.68,0,0,224258015,-22838844,0.349523739430227,94.427264951935,0
416.74,409,696,1010,672336,781740,2023-10-30,2023-11-10,410.68,314,109404,22301235,3339264,3.50536640683801,56.663009918509,0.139949343771586
424.1,419,1453,1500,934279,765000,2023-10-30,2023-11-24,410.68,47,-169279,37741766,-2420140,2.02693217906126,61.1167559037911,-0.221279738562092
426,422,1657,1894,830157,757600,2023-10-30,2023-11-24,410.68,237,-72557,37741766,-2420140,2.00732525340759,63.1240811571986,-0.0957721752903907
421.5,362,126,126,749700,749700,2023-10-30,2023-12-15,410.68,0,0,464898391,-24053256,0.161261044243967,97.1418266319618,0
445.02,444,7267,7269,872040,741438,2023-10-30,2023-12-15,410.68,2,-130602,464898391,-24053256,0.159483881715564,97.3013105136774,-0.176146892929685
411.93,360,75,140,447750,727020,2023-10-30,2023-11-17,410.68,65,279270,224258015,-22838844,0.324189081937607,94.7514540338726,0.384129735082941
420.81,412,499,811,501495,714491,2023-10-30,2023-11-24,410.68,312,212996,37741766,-2420140,1.8931043131368,65.0171854703354,0.298108723552851
420.65,412.5,476,860,469336,700900,2023-10-30,2023-11-24,410.68,384,231564,37741766,-2420140,1.85709380954776,66.8742792798832,0.330380938792981
416.24,376,175,174,0,700176,2023-10-30,2023-12-15,410.68,-1,700176,464898391,-24053256,0.150608393910316,97.4519189075877,1
423.65,418,1103,1238,734598,699470,2023-10-30,2023-11-24,410.68,135,-35127.9999999999,37741766,-2420140,1.85330490364441,68.7275841835276,-0.0502208815245827
431.63,430,4051,4199,923628,684437,2023-10-30,2023-11-24,410.68,148,-239191,37741766,-2420140,1.81347369913745,70.5410578826651,-0.34947117119618
414.94,409,174,1110,154338,659340,2023-10-30,2023-11-03,410.68,936,505002,29305218,2705960,2.2499064842309,81.1332916888726,0.765920465920466
415.46,402,505,485,806990,652810,2023-10-30,2023-11-17,410.68,-20,-154180,224258015,-22838844,0.291097734009641,95.0425517678822,-0.236178980101408
413.7,250,37,39,0,638430,2023-10-30,2023-11-17,410.68,2,638430,224258015,-22838844,0.284685477127763,95.32723724501,1
415.47,398,224,355,465472,620185,2023-10-30,2023-11-17,410.68,131,154713,224258015,-22838844,0.276549758990777,95.6037870040007,0.249462660335223
416.02,407,5,684,5755,616968,2023-10-30,2023-11-10,410.68,679,611213,22301235,3339264,2.76651943266819,59.4295293511772,0.990672125620778
425.37,425,11553,16511,1028217,610907,2023-10-30,2023-11-03,410.68,4958,-417310,29305218,2705960,2.08463557582134,83.217927264694,-0.683099064178345
446.81,446,7286,7518,743172,608958,2023-10-30,2023-12-15,410.68,232,-134214,464898391,-24053256,0.13098733224052,97.5829062398282,-0.220399436414334
455.33,455,18401,18445,736040,608685,2023-10-30,2023-12-15,410.68,44,-127355,464898391,-24053256,0.130928609731411,97.7138348495596,-0.209229732948898
424.26,422.5,1064,3435,266000,604560,2023-10-30,2023-11-10,410.68,2371,338560,22301235,3339264,2.71088125836977,62.140410609547,0.56001058621146
413.56,405,452,698,480928,597488,2023-10-30,2023-11-03,410.68,246,116560,29305218,2705960,2.03884509577782,85.2567723604718,0.19508341590124
417.94,412,551,1004,424821,596376,2023-10-30,2023-11-10,410.68,453,171555,22301235,3339264,2.67418373915167,64.8145943486986,0.287662481387581
433.68,433,8772,8751,921060,595068,2023-10-30,2023-11-17,410.68,-21,-325992,224258015,-22838844,0.26534971336476,95.8691367173655,-0.547823105930751
438.29,438,19787,20212,949776,586148,2023-10-30,2023-11-17,410.68,425,-363628,224258015,-22838844,0.261372152072246,96.1305088694377,-0.620368917065315
413.29,400,284,439,450424,583431,2023-10-30,2023-11-10,410.68,155,133007,22301235,3339264,2.6161376264588,67.4307319751574,0.227973830667208
436.39,436,14871,14869,936873,579891,2023-10-30,2023-11-17,410.68,-2,-356982,224258015,-22838844,0.258582062273226,96.389090931711,-0.615601897597997
420.99,392,200,200,579800,579800,2023-10-30,2023-11-17,410.68,0,0,224258015,-22838844,0.258541484013403,96.6476324157244,0
425.35,421,1293,1331,707271,578985,2023-10-30,2023-11-24,410.68,38,-128286,37741766,-2420140,1.53406970940364,72.0751275920687,-0.221570507007954
419.2,409,309,564,367092,575280,2023-10-30,2023-11-24,410.68,255,208188,37741766,-2420140,1.52425299865406,73.5993805907228,0.36188986232791
419.06,397,256,257,647936,566942,2023-10-30,2023-12-15,410.68,1,-80994,464898391,-24053256,0.121949658457734,97.8357845080174,-0.142861174511678
421.45,398,235,235,540735,551075,2023-10-30,2023-12-15,410.68,0,10340,464898391,-24053256,0.118536654604167,97.9543211626216,0.0187633262260128
421.23,418,1148,1677,512008,541671,2023-10-30,2023-11-10,410.68,529,29663,22301235,3339264,2.42888342282389,69.8596153979813,0.054762023442274
413.01,385,163,193,553059,540593,2023-10-30,2023-11-17,410.68,30,-12466,224258015,-22838844,0.241058496839009,96.8886909125634,-0.023059862040389
418.23,375,122,122,527406,527406,2023-10-30,2023-11-17,410.68,0,0,224258015,-22838844,0.235178216484258,97.1238691290476,0
416.6,402,153,353,282438,515380,2023-10-30,2023-11-24,410.68,200,232942,37741766,-2420140,1.36554288424129,74.9649234749641,0.451981062516978
422.33,416,868,779,687456,493107,2023-10-30,2023-11-24,410.68,-89,-194349,37741766,-2420140,1.30652868760831,76.2714521625724,-0.394131496815093
449.58,449,8512,8469,570304,491202,2023-10-30,2023-12-15,410.68,-43,-79102.0000000001,464898391,-24053256,0.105657926443544,98.0599790890651,-0.161037617925009
420.19,401,248,255,0,489345,2023-10-30,2023-12-15,410.68,7,489345,464898391,-24053256,0.105258484321147,98.1652375733862,1
418.25,412.5,308,849,228536,488175,2023-10-30,2023-11-10,410.68,541,259639,22301235,3339264,2.18900433092607,72.0486197289074,0.5318564039535
415.8,403,379,379,622318,485120,2023-10-30,2023-11-17,410.68,0,-137198,224258015,-22838844,0.216322257200038,97.3401913862477,-0.2828125
416.2,408,578,580,597652,475600,2023-10-30,2023-11-10,410.68,2,-122052,22301235,3339264,2.13261731917537,74.1812370480828,-0.256627417998318
470.1,470,46505,46544,511555,465440,2023-10-30,2023-12-15,410.68,39,-46114.9999999999,464898391,-24053256,0.100116500510754,98.265354073897,-0.0990782915091095
423.61,423,3545,7610,439580,464210,2023-10-30,2023-11-03,410.68,4065,24629.9999999999,29305218,2705960,1.58405236910369,86.8408247295755,0.0530578832855818
437.34,437,13575,13591,692325,462094,2023-10-30,2023-11-17,410.68,16,-230231,224258015,-22838844,0.206054619720058,97.5462460059677,-0.498234125524244
460.21,460,20675,21920,516875,460320,2023-10-30,2023-12-15,410.68,1245,-56555,464898391,-24053256,0.0990151845890127,98.364369258486,-0.122860184219673
421.95,421,3120,4839,586560,459705,2023-10-30,2023-11-03,410.68,1719,-126855,29305218,2705960,1.56867968018528,88.4095044097608,-0.275948706235521
427.29,424,1291,1382,548675,454678,2023-10-30,2023-11-24,410.68,91,-93997,37741766,-2420140,1.20470780302119,77.4761599655936,-0.206733116623193
415.77,395,33,218,75801,452786,2023-10-30,2023-11-24,410.68,185,376985,37741766,-2420140,1.19969478905677,78.6758547546503,0.832589788553533
422.77,422,4412,5829,697096,448833,2023-10-30,2023-11-03,410.68,1417,-248263,29305218,2705960,1.53158048508631,89.9410848948471,-0.55313000603788
419.39,368,87,87,447093,447093,2023-10-30,2023-12-15,410.68,0,0,464898391,-24053256,0.0961700467575935,98.4605393052436,0
411.54,340,61,62,451400,443548,2023-10-30,2023-11-17,410.68,1,-7851.99999999994,224258015,-22838844,0.197784681185196,97.7440306871529,-0.0177027063587254
465.14,465,30291,30493,454365,426902,2023-10-30,2023-12-15,410.68,202,-27462.9999999999,464898391,-24053256,0.0918269471919941,98.5523662524356,-0.0643309237248827
457.26,457,15668,15877,501376,412802,2023-10-30,2023-12-15,410.68,209,-88574,464898391,-24053256,0.0887940263918874,98.6411602788275,-0.214567758877137
435.83,435,4182,4881,506022,405123,2023-10-30,2023-11-24,410.68,699,-100899,37741766,-2420140,1.07340764075534,79.7492623954057,-0.249057693589354
417.35,404,289,291,435812,388485,2023-10-30,2023-11-17,410.68,2,-47327,224258015,-22838844,0.173231266672899,97.9172619538258,-0.121824523469375
419.99,416,1071,953,583695,380247,2023-10-30,2023-11-10,410.68,-118,-203448,22301235,3339264,1.70504907015239,75.8862861182352,-0.535041696581433
427.73,348,47,47,374731,374731,2023-10-30,2023-12-15,410.68,0,0,464898391,-24053256,0.0806049251308336,98.7217652039583,0
423.21,421,1456,1692,436800,373932,2023-10-30,2023-11-10,410.68,236,-62868,22301235,3339264,1.67673225272053,77.5630183709557,-0.168126825198164
452.43,452,8543,8636,452779,371348,2023-10-30,2023-12-15,410.68,93,-81431,464898391,-24053256,0.079877239239574,98.8016424431979,-0.219284875642255
422.07,365,63,63,359541,359541,2023-10-30,2023-11-24,410.68,0,0,37741766,-2420140,0.95263427789786,80.7018966733035,0
420.26,411,101,385,113625,356510,2023-10-30,2023-11-24,410.68,284,242885,37741766,-2420140,0.944603387133501,81.646500060437,0.681285237440745
414.45,394,168,171,366408,349695,2023-10-30,2023-11-17,410.68,3,-16713,224258015,-22838844,0.155934226029781,98.0731961798556,-0.0477930768240896
414.26,391,146,150,387922,348900,2023-10-30,2023-11-17,410.68,4,-39021.9999999999,224258015,-22838844,0.155579723650011,98.2287759035056,-0.111842934938378
413.56,385,62,122,241924,348432,2023-10-30,2023-11-24,410.68,60,106508,37741766,-2420140,0.923200043156433,82.5697001035935,0.305678008908481
426.63,423,1074,959,480078,348117,2023-10-30,2023-11-24,410.68,-115,-131961,37741766,-2420140,0.922365424023879,83.4920655276173,-0.379070829634864
418.47,408,278,320,396706,335040,2023-10-30,2023-11-24,410.68,42,-61666,37741766,-2420140,0.887716806892396,84.3797823345097,-0.184055635148042
424.47,424,3671,7043,403810,331021,2023-10-30,2023-11-03,410.68,3372,-72789.0000000001,29305218,2705960,1.12956334261018,91.0706482374572,-0.219892393533945
454.34,454,9597,9592,451059,326128,2023-10-30,2023-12-15,410.68,-5,-124931,464898391,-24053256,0.0701503826026363,98.8717928258005,-0.383073517146642
423.13,417.5,563,576,396915,324288,2023-10-30,2023-11-24,410.68,13,-72627,37741766,-2420140,0.859228473834531,85.2390108083443,-0.223958333333333
416.57,390,117,122,333216,324154,2023-10-30,2023-11-24,410.68,5,-9062,37741766,-2420140,0.858873429505127,86.0978842378494,-0.0279558481462515
429.35,427,736,1372,228160,322420,2023-10-30,2023-11-24,410.68,636,94260,37741766,-2420140,0.854279049899255,86.9521632877487,0.292351591092364
453.36,453,9029,8922,415334,321192,2023-10-30,2023-12-15,410.68,-107,-94142,464898391,-24053256,0.069088645221833,98.9408814710223,-0.293101945253929
423.86,422,1148,1716,326032,319176,2023-10-30,2023-11-10,410.68,568,-6856,22301235,3339264,1.43120324950614,78.9942216204618,-0.0214803118028925
430.15,428,1478,1472,407928,316480,2023-10-30,2023-11-24,410.68,-6,-91448,37741766,-2420140,0.838540517685367,87.790703805434,-0.288953488372093
424.6,423,1287,1976,297297,316160,2023-10-30,2023-11-10,410.68,689,18863.0000000001,22301235,3339264,1.41767933479917,80.411900955261,0.0596628289473686
451.49,451,6217,6376,354369,312424,2023-10-30,2023-12-15,410.68,159,-41944.9999999999,464898391,-24053256,0.0672026417058518,99.0080841127282,-0.134256651217576
430.44,430,6667,6941,566695,305404,2023-10-30,2023-11-10,410.68,274,-261291,22301235,3339264,1.3694488220047,81.7813497772657,-0.855558538853453
442.14,442,22214,21283,577564,297962,2023-10-30,2023-11-17,410.68,-931,-279602,224258015,-22838844,0.13286570827803,98.3616416117837,-0.93838140434015
425.38,424,2229,2157,488151,297666,2023-10-30,2023-11-10,410.68,-72,-190485,22301235,3339264,1.3347511920304,83.1161009692961,-0.639928644856988
420.74,417.5,698,910,321080,294840,2023-10-30,2023-11-10,410.68,212,-26240,22301235,3339264,1.32207924807752,84.4381802173736,-0.0889974223307557
417.62,380,77,77,289674,289674,2023-10-30,2023-11-24,410.68,0,0,37741766,-2420140,0.767515754297242,88.5582195597313,0
420.5,396,116,116,284200,284200,2023-10-30,2023-12-15,410.68,0,0,464898391,-24053256,0.0611316376872554,99.0692157504155,0
413.92,406,21,344,23562,272448,2023-10-30,2023-11-03,410.68,323,248886,29305218,2705960,0.929691087778293,92.0003393252355,0.913517441860465
410.08,340,36,38,0,266304,2023-10-30,2023-11-03,410.68,2,266304,29305218,2705960,0.908725538230086,92.9090648634656,1
412.87,395,160,144,362400,257328,2023-10-30,2023-11-10,410.68,-16,-105072,22301235,3339264,1.15387331688133,85.592053534255,-0.408319343406081
462.17,462,15011,15082,315231,256394,2023-10-30,2023-12-15,410.68,71,-58837,464898391,-24053256,0.0551505457888324,99.1243662962043,-0.229478848959024
432.42,431,1826,1787,359722,253754,2023-10-30,2023-11-24,410.68,-39,-105968,37741766,-2420140,0.672342677340536,89.2305622370718,-0.417601298895781
433.28,432,1911,1956,338247,250368,2023-10-30,2023-11-24,410.68,45,-87879,37741766,-2420140,0.66337118406171,89.8939334211335,-0.35099932898773
439.23,439,11331,10794,453240,248262,2023-10-30,2023-11-17,410.68,-537,-204978,224258015,-22838844,0.110703735605615,98.4723453473893,-0.825651932232883
426.11,422.5,758,686,352470,247646,2023-10-30,2023-11-24,410.68,-72,-104824,37741766,-2420140,0.656159014922619,90.5500924360561,-0.423281619731391
426.99,426,1954,2489,320456,246411,2023-10-30,2023-11-10,410.68,535,-74045,22301235,3339264,1.10492087097419,86.6969744052291,-0.300493890288989
471.09,471,26861,26668,295471,240012,2023-10-30,2023-12-15,410.68,-193,-55459,464898391,-24053256,0.0516267650407936,99.1759930612451,-0.231067613286002
434.98,434,2377,2437,325649,238826,2023-10-30,2023-11-24,410.68,60,-86823,37741766,-2420140,0.632789679211089,91.1828821152672,-0.36354082051368
428.61,426,831,906,275892,236466,2023-10-30,2023-11-24,410.68,75,-39426,37741766,-2420140,0.626536659678299,91.8094187749455,-0.166730100733298
434.1,433,2088,2106,311112,231660,2023-10-30,2023-11-24,410.68,18,-79452,37741766,-2420140,0.613802756341609,92.4232215312871,-0.342968142968143
421.79,419,572,829,231660,231291,2023-10-30,2023-11-10,410.68,257,-369,22301235,3339264,1.03712193517534,87.7340963404045,-0.00159539281684112
445.1,445,26869,23123,429904,231230,2023-10-30,2023-11-17,410.68,-3746,-198674,224258015,-22838844,0.103108912294617,98.5754542596839,-0.859205120442849
414.86,404,20,209,25740,226974,2023-10-30,2023-11-10,410.68,189,201234,22301235,3339264,1.01776426283118,88.7518606032357,0.886594940389648
480.04,480,56385,56467,338310,225868,2023-10-30,2023-12-15,410.68,82,-112442,464898391,-24053256,0.0485843798069845,99.2245774410521,-0.497821736589513
420.62,417,649,623,308275,225526,2023-10-30,2023-11-10,410.68,-26,-82749,22301235,3339264,1.01127134887373,89.7631319521094,-0.366915566276172
417.1,403,156,156,285792,219960,2023-10-30,2023-11-24,410.68,0,-65832,37741766,-2420140,0.582802617132436,93.0060241484196,-0.299290780141844
456.27,456,7994,7992,271796,215784,2023-10-30,2023-12-15,410.68,-2,-56012,464898391,-24053256,0.0464153036829934,99.2709927447351,-0.259574389204019
459.22,459,9435,9672,245310,212784,2023-10-30,2023-12-15,410.68,237,-32526,464898391,-24053256,0.0457700013850984,99.3167627461202,-0.152859237536657
450.05,450,42773,42503,299411,212515,2023-10-30,2023-11-17,410.68,-270,-86896,224258015,-22838844,0.0947636141343711,98.6702178738182,-0.408893489871303
440.4,440,5268,5296,300276,211840,2023-10-30,2023-11-24,410.68,28,-88436,37741766,-2420140,0.561287990604361,93.5673121390239,-0.417466012084592
416.5,386,66,69,0,210450,2023-10-30,2023-12-15,410.68,3,210450,464898391,-24053256,0.045267956197336,99.3620307023175,1
415.64,401,141,143,0,209352,2023-10-30,2023-11-17,410.68,2,209352,224258015,-22838844,0.0933531851693238,98.7635710589876,1
455.04,455,52423,52228,209692,208912,2023-10-30,2023-11-17,410.68,-195,-780,224258015,-22838844,0.0931569825943568,98.8567280415819,-0.00373362947078196
441.18,441,11502,11261,345060,202698,2023-10-30,2023-11-17,410.68,-241,-142362,224258015,-22838844,0.0903860671378903,98.9471141087198,-0.702335494183465
413.85,407,14,280,13104,191800,2023-10-30,2023-11-03,410.68,266,178696,29305218,2705960,0.654490951065438,93.5635558145311,0.931678832116788
415.67,393,84,84,195804,190428,2023-10-30,2023-11-17,410.68,0,-5375.99999999997,224258015,-22838844,0.0849146907859681,99.0320287995058,-0.028231142479047
427.84,427,2211,2264,307329,190176,2023-10-30,2023-11-10,410.68,53,-117153,22301235,3339264,0.85275994804772,90.6158919001571,-0.616024103987885
429.62,427.5,868,894,259532,189528,2023-10-30,2023-11-24,410.68,26,-70004,37741766,-2420140,0.502170460174015,94.0694825991979,-0.369359672449453
433.63,432.5,1573,1673,256399,189049,2023-10-30,2023-11-24,410.68,100,-67350,37741766,-2420140,0.500901309175623,94.5703839083736,-0.356256843463864
427.22,427,7453,8440,439727,185680,2023-10-30,2023-11-03,410.68,987,-254047,29305218,2705960,0.633607298195154,94.1971631127262,-1.36819797501077
461.19,461,9770,9769,214940,185611,2023-10-30,2023-12-15,410.68,-1,-29329,464898391,-24053256,0.0399250682715312,99.401955770589,-0.158013264300068
418.14,406,90,151,138870,183314,2023-10-30,2023-11-24,410.68,61,44444,37741766,-2420140,0.485705941794033,95.0560898501676,0.242447385360638
436.73,436,2373,2471,225435,180383,2023-10-30,2023-11-24,410.68,98,-45052,37741766,-2420140,0.477940009484453,95.534029859652,-0.249757460514572
429.83,388,42,42,175686,175686,2023-10-30,2023-12-15,410.68,0,0,464898391,-24053256,0.0377901931693285,99.4397459637584,0
458.24,458,7254,7226,210366,173424,2023-10-30,2023-12-15,410.68,-28,-36942,464898391,-24053256,0.0373036352367156,99.4770495989951,-0.213015499584833
444.11,444,16006,15580,304114,171380,2023-10-30,2023-11-17,410.68,-426,-132734,224258015,-22838844,0.0764209029496672,99.1084497024555,-0.77450110864745
415.45,406,116,178,132588,168210,2023-10-30,2023-11-10,410.68,62,35622,22301235,3339264,0.754263160762173,91.3701550609193,0.211771000535045
413.9,355,30,28,181290,164920,2023-10-30,2023-11-03,410.68,-2,-16370,29305218,2705960,0.562766671792034,94.7599297845182,-0.0992602473926752
414.37,397,66,94,0,163278,2023-10-30,2023-11-17,410.68,28,163278,224258015,-22838844,0.0728081000806148,99.1812578025361,1
435.16,435,8519,9982,281127,159712,2023-10-30,2023-11-10,410.68,1463,-121415,22301235,3339264,0.716157647771525,92.0863127086908,-0.760212131837307
419.59,389,51,51,156009,156009,2023-10-30,2023-12-15,410.68,0,0,464898391,-24053256,0.033557655397435,99.5106072543925,0
430.81,429,834,853,208500,154393,2023-10-30,2023-11-24,410.68,19,-54107,37741766,-2420140,0.409077307087326,95.9431071667394,-0.350449826093152
475.06,475,25324,25321,177268,151926,2023-10-30,2023-12-15,410.68,-3,-25342,464898391,-24053256,0.0326793989699999,99.5432866533625,-0.166804891855245
411.41,330,17,18,146200,146538,2023-10-30,2023-11-17,410.68,1,338,224258015,-22838844,0.0653434839330046,99.2466012864691,0.0023065689445741
418.86,375,33,33,144738,144738,2023-10-30,2023-11-24,410.68,0,0,37741766,-2420140,0.38349556827839,96.3266027350178,0
428.21,427.5,1333,1968,171957,139728,2023-10-30,2023-11-10,410.68,635,-32229,22301235,3339264,0.626548260668075,92.7128609693589,-0.230655273102027
466.13,466,10583,10580,169328,137540,2023-10-30,2023-12-15,410.68,-3,-31788,464898391,-24053256,0.0295849593508273,99.5728716127133,-0.231118220154137
428.67,428,2084,2047,231324,137149,2023-10-30,2023-11-10,410.68,-37,-94175,22301235,3339264,0.614983878695507,93.3278448480544,-0.686661951600085
419.3,387,42,42,135660,135660,2023-10-30,2023-12-15,410.68,0,0,464898391,-24053256,0.0291805699108131,99.6020521826241,0
414.01,402,8,112,11600,134512,2023-10-30,2023-11-10,410.68,104,122912,22301235,3339264,0.603159421440113,93.9310042694945,0.913762340906388
426.27,426,3492,4924,258408,132948,2023-10-30,2023-11-03,410.68,1432,-125460,29305218,2705960,0.4536666473527,95.213596431871,-0.943677227186569
437.61,437,1679,2154,144394,131394,2023-10-30,2023-11-24,410.68,475,-13000,37741766,-2420140,0.348139512072647,96.6747422470904,-0.0989390687550421
415.2,285,10,10,130200,130200,2023-10-30,2023-11-17,410.68,0,0,224258015,-22838844,0.0580581255925234,99.3046594120616,0
430.08,430,17325,16239,502425,129912,2023-10-30,2023-11-03,410.68,-1086,-372513,29305218,2705960,0.443306717595481,95.6569031494664,-2.86742564197303
464.15,464,8630,8630,146710,129450,2023-10-30,2023-12-15,410.68,0,-17260,464898391,-24053256,0.0278447941541703,99.6298969767783,-0.133333333333333
438.53,438,2210,2240,170170,118720,2023-10-30,2023-11-24,410.68,30,-51450,37741766,-2420140,0.314558677513925,96.9893009246043,-0.433372641509434
441.33,441,2231,3582,113781,118206,2023-10-30,2023-11-24,410.68,1351,4425,37741766,-2420140,0.313196791056359,97.3024977156607,0.0374346479874118
415.06,396,60,62,134580,118172,2023-10-30,2023-11-17,410.68,2,-16408,224258015,-22838844,0.0526946606568332,99.3573540727184,-0.138848458179603
450.1,450,10947,11231,153258,112310,2023-10-30,2023-11-24,410.68,284,-40948,37741766,-2420140,0.297574840562575,97.6000725562233,-0.364597987712581
411.14,375,25,31,98725,112034,2023-10-30,2023-11-03,410.68,6,13309,29305218,2705960,0.382300517266242,96.0392036667327,0.118794294589142
410.47,350,20,18,125960,108846,2023-10-30,2023-11-03,410.68,-2,-17114,29305218,2705960,0.371421908548846,96.4106255752815,-0.157231317641438
448.07,448,15550,15518,155500,108626,2023-10-30,2023-11-17,410.68,-32,-46874,224258015,-22838844,0.0484379566099343,99.4057920293284,-0.431517316296283
429.55,429,2016,1960,199584,107800,2023-10-30,2023-11-10,410.68,-56,-91784,22301235,3339264,0.483381301528817,94.4143855710233,-0.851428571428571
500.03,500,34686,34688,69372,104064,2023-10-30,2023-12-15,410.68,2,34692,464898391,-24053256,0.0223842461093826,99.6522812228877,0.333371771217712
446.08,446,13273,12988,172549,103904,2023-10-30,2023-11-17,410.68,-285,-68645,224258015,-22838844,0.0463323462485834,99.4521243755769,-0.66065791499846
445.19,445,5143,5160,144004,98040,2023-10-30,2023-11-24,410.68,17,-45964,37741766,-2420140,0.259765269065576,97.8598378252888,-0.468829049367605
413.53,225,5,5,94265,94265,2023-10-30,2023-11-17,410.68,0,0,224258015,-22838844,0.0420341721119756,99.4941585476889,0
413.92,403,50,86,67300,93912,2023-10-30,2023-11-10,410.68,36,26612,22301235,3339264,0.421106723461728,94.835492294485,0.283371667092597
411.26,345,14,14,105182,92764,2023-10-30,2023-11-17,410.68,0,-12418,224258015,-22838844,0.0413648537823721,99.5355234014713,-0.133866586175671
472.08,472,11539,11540,115390,92320,2023-10-30,2023-12-15,410.68,1,-23070,464898391,-24053256,0.0198581027138896,99.6721393256016,-0.249891681109186
410.69,335,7,12,0,90828,2023-10-30,2023-11-17,410.68,5,90828,224258015,-22838844,0.040501562452517,99.5760249639238,1
415.22,390,36,36,89064,90792,2023-10-30,2023-11-10,410.68,0,1728,22301235,3339264,0.407116466868315,95.2426087613533,0.0190325138778747
469.1,469,9039,9051,99429,90510,2023-10-30,2023-12-15,410.68,12,-8919,464898391,-24053256,0.0194687703274929,99.6916080959291,-0.0985415976135234
412.97,386,33,33,0,89001,2023-10-30,2023-11-17,410.68,0,89001,224258015,-22838844,0.0396868758514607,99.6157118397753,1
444.22,444,3875,3888,139500,85536,2023-10-30,2023-11-24,410.68,13,-53964,37741766,-2420140,0.226634863879979,98.0864726891688,-0.630892255892256
443.13,443,6753,6571,135060,85423,2023-10-30,2023-11-17,410.68,-182,-49637,224258015,-22838844,0.038091392185024,99.6538032319603,-0.581073013122929
463.16,463,5151,5145,97869,82320,2023-10-30,2023-12-15,410.68,-6,-15549,464898391,-24053256,0.0177070950542395,99.7093151909833,-0.188884839650146
428.15,428,4817,5479,197497,82185,2023-10-30,2023-11-03,410.68,662,-115312,29305218,2705960,0.280444936461486,96.691070511743,-1.40307842063637
412.82,402,4,75,5960,81150,2023-10-30,2023-11-03,410.68,71,75190,29305218,2705960,0.27691314222607,96.9679836539691,0.926555760936537
433.24,433,3399,3354,156354,80496,2023-10-30,2023-11-10,410.68,-45,-75858,22301235,3339264,0.360948620110052,95.6035573814634,-0.942382230172928
467.11,467,7222,7260,101108,79860,2023-10-30,2023-12-15,410.68,38,-21248,464898391,-24053256,0.0171779471699656,99.7264931381533,-0.266065614825945
460.02,460,39560,39146,158240,78292,2023-10-30,2023-11-17,410.68,-414,-79948,224258015,-22838844,0.0349115727257284,99.688714804686,-1.02115158636898
419.49,399,31,38,92039,77862,2023-10-30,2023-12-15,410.68,7,-14177,464898391,-24053256,0.0167481758395675,99.7432413139929,-0.182078549228122
432.29,432,2432,2617,143488,75893,2023-10-30,2023-11-10,410.68,185,-67595,22301235,3339264,0.340308507578168,95.9438658890416,-0.890661852871806
424.39,175,3,3,74817,74817,2023-10-30,2023-12-15,410.68,0,0,464898391,-24053256,0.016093194007204,99.7593345080001,0
439.47,439,1547,1559,103649,73273,2023-10-30,2023-11-24,410.68,12,-30376,37741766,-2420140,0.194143008570399,98.2806156977392,-0.414559251020158
452.04,452,18138,18058,108828,72232,2023-10-30,2023-11-17,410.68,-80,-36596,224258015,-22838844,0.0322093281705004,99.7209241328565,-0.506645254180972
411.42,390,30,33,74700,70686,2023-10-30,2023-11-03,410.68,3,-4014,29305218,2705960,0.241206190651781,97.2091898446209,-0.056786350903998
434.19,434,3698,3699,136826,70281,2023-10-30,2023-11-10,410.68,1,-66545,22301235,3339264,0.315143981936426,96.259009870978,-0.946841962977192
418.34,404,47,49,73461,70266,2023-10-30,2023-11-24,410.68,2,-3195,37741766,-2420140,0.186175707835187,98.4667914055744,-0.0454700708735377
436.13,436,5177,5265,139779,68445,2023-10-30,2023-11-10,410.68,88,-71334,22301235,3339264,0.306911254017995,96.565921124996,-1.0422090729783
482.05,482,13651,13653,68255,68265,2023-10-30,2023-12-15,410.68,2,10.0000000000146,464898391,-24053256,0.0146838537886013,99.7740183617887,0.000146487951366213
411.94,350,1,11,0,68134,2023-10-30,2023-11-24,410.68,10,68134,37741766,-2420140,0.180526793579294,98.6473181991537,1
412.92,404,50,75,55000,66900,2023-10-30,2023-11-03,410.68,25,11900,29305218,2705960,0.228286989709478,97.4374768343303,0.177877428998505
447.07,447,9863,9473,108493,66311,2023-10-30,2023-11-17,410.68,-390,-42182,224258015,-22838844,0.0295690657923642,99.7504931986489,-0.636123720046448
442.29,442,2180,2259,95920,65511,2023-10-30,2023-11-24,410.68,79,-30409,37741766,-2420140,0.173576933310434,98.8208951324641,-0.464181587824946
505.03,505,21629,21629,64887,64887,2023-10-30,2023-12-15,410.68,0,0,464898391,-24053256,0.0139572434011715,99.7879756051898,0
476.07,476,9246,9248,64722,64736,2023-10-30,2023-12-15,410.68,2,14,464898391,-24053256,0.0139247631855108,99.8019003683753,0.000216262975778547
481.05,481,12563,12561,62815,62805,2023-10-30,2023-12-15,410.68,-2,-10,464898391,-24053256,0.0135094036064324,99.8154097719818,-0.000159222991800016
413.54,401,0,50,0,62700,2023-10-30,2023-11-10,410.68,50,62700,22301235,3339264,0.281150348848393,96.8470714738444,1
429.11,429,4455,5555,151470,61105,2023-10-30,2023-11-03,410.68,1100,-90365,29305218,2705960,0.20851235435273,97.6459891886831,-1.47884788478848
412.38,403,65,65,91325,60970,2023-10-30,2023-11-03,410.68,0,-30355,29305218,2705960,0.208051685539415,97.8540408742225,-0.497867803837953
440.06,440,10265,10078,123180,60468,2023-10-30,2023-11-10,410.68,-187,-62712,22301235,3339264,0.271141934516183,97.1182134083606,-1.03711053780512
473.07,473,8603,8602,86030,60214,2023-10-30,2023-12-15,410.68,-1,-25816,464898391,-24053256,0.012952077521817,99.8283618495036,-0.428737502906301
454.04,454,14355,14252,86130,57008,2023-10-30,2023-11-17,410.68,-103,-29122,224258015,-22838844,0.0254207190766404,99.7759139177255,-0.510840583777715
431.36,431,1611,1567,104715,56412,2023-10-30,2023-11-10,410.68,-44,-48303,22301235,3339264,0.252954600944746,97.3711680093053,-0.856253988513083
432.77,432.5,1970,2033,98500,54891,2023-10-30,2023-11-10,410.68,63,-43609,22301235,3339264,0.246134350855457,97.6173023601608,-0.794465395055656
435.04,435,14045,13712,112360,54848,2023-10-30,2023-11-03,410.68,-333,-57512,29305218,2705960,0.187161207945971,98.0412020821684,-1.04857059509918
446.17,446,3101,3107,77525,52819,2023-10-30,2023-11-24,410.68,6,-24706,37741766,-2420140,0.139948406229852,98.960843538694,-0.467748348132301
490.03,490,16605,16593,66420,49779,2023-10-30,2023-12-15,410.68,-12,-16641,464898391,-24053256,0.0107075010289722,99.8390693505326,-0.334297595371542
437.11,437,4632,4508,101904,49588,2023-10-30,2023-11-10,410.68,-124,-52316,22301235,3339264,0.222355398703256,97.839657758864,-1.05501330967169
419.15,378,12,12,54228,49380,2023-10-30,2023-12-15,410.68,0,-4848.00000000001,464898391,-24053256,0.0106216758233521,99.8496910263559,-0.0981773997569868
477.07,477,7049,7049,49343,49343,2023-10-30,2023-12-15,410.68,0,0,464898391,-24053256,0.0106137170950114,99.8603047434509,0
414.9,392,0,21,0,48090,2023-10-30,2023-11-10,410.68,21,48090,22301235,3339264,0.215638281915777,98.0552960407798,1
423.41,393,15,15,45615,45615,2023-10-30,2023-12-15,410.68,0,0,464898391,-24053256,0.00981182143949386,99.8701165648904,0
418.27,407,11,39,15224,43953,2023-10-30,2023-11-24,410.68,28,28729,37741766,-2420140,0.116457189629123,99.0773007283231,0.653630013878461
431.07,431,6054,6175,139242,43225,2023-10-30,2023-11-03,410.68,121,-96017,29305218,2705960,0.147499329300331,98.1887014114688,-2.22133024869867
443.25,443,1709,1714,63233,42850,2023-10-30,2023-11-24,410.68,5,-20383,37741766,-2420140,0.113534697872908,99.190835426196,-0.475682613768962
422.7,384,11,11,42570,42570,2023-10-30,2023-11-17,410.68,0,0,224258015,-22838844,0.0189825991280624,99.7948965168536,0
411.22,360,6,8,37518,40976,2023-10-30,2023-11-03,410.68,2,3458,29305218,2705960,0.13982492810666,98.3285263395754,0.0843908629441624
474.07,474,5797,5827,46376,40789,2023-10-30,2023-12-15,410.68,30,-5586.99999999999,464898391,-24053256,0.00877374514294673,99.8788903100334,-0.136973203559783
449.06,449,6917,6709,62253,40254,2023-10-30,2023-11-17,410.68,-208,-21999,224258015,-22838844,0.0179498601198267,99.8128463769734,-0.546504695185572
520.02,520,20124,20124,40248,40248,2023-10-30,2023-12-15,410.68,0,0,464898391,-24053256,0.00865737562855966,99.8875476856619,0
455.06,455,6683,6516,53464,39096,2023-10-30,2023-11-24,410.68,-167,-14368,37741766,-2420140,0.103588157480495,99.2944235836765,-0.367505627174136
419.43,379,9,9,36387,36387,2023-10-30,2023-12-15,410.68,0,0,464898391,-24053256,0.00782687157116876,99.8953745572331,0
420.73,300,3,3,36219,36219,2023-10-30,2023-11-10,410.68,0,0,22301235,3339264,0.162408046011802,98.2177040867916,0
415.39,401,25,25,35975,35975,2023-10-30,2023-11-03,410.68,0,0,29305218,2705960,0.122759707844521,98.45128604742,0
439.08,439,4485,4493,67275,35944,2023-10-30,2023-11-10,410.68,8,-31331,22301235,3339264,0.161174930446677,98.3788790172383,-0.871661473403071
510.02,510,16476,16454,32952,32908,2023-10-30,2023-12-15,410.68,-22,-44,464898391,-24053256,0.0070785360063765,99.9024530932395,-0.00133706089704631
414.54,305,0,3,0,32862,2023-10-30,2023-11-24,410.68,3,32862,37741766,-2420140,0.0870706474095568,99.3814942310861,1
475.02,475,15983,15982,31966,31964,2023-10-30,2023-11-17,410.68,-1,-2.00000000000364,224258015,-22838844,0.0142532252414702,99.8270996022149,-6.25703916907658e-05
425.52,320,3,3,31656,31656,2023-10-30,2023-11-24,410.68,0,0,37741766,-2420140,0.0838752484449191,99.465369479531,0
414.59,310,3,3,33066,31377,2023-10-30,2023-11-24,410.68,0,-1689,37741766,-2420140,0.083136014356085,99.5485054938871,-0.053829237976862
414.42,386,1,11,3227,31262,2023-10-30,2023-11-24,410.68,10,28035,37741766,-2420140,0.0828313121330888,99.6313368060202,0.896775638154949
495.04,495,7678,7678,30712,30712,2023-10-30,2023-12-15,410.68,0,0,464898391,-24053256,0.00660617472431734,99.9090592679638,0
485.04,485,7662,7657,38310,30628,2023-10-30,2023-12-15,410.68,-5,-7682,464898391,-24053256,0.00658810625997628,99.9156473742238,-0.250816246571764
432.05,432,5904,6096,82656,30480,2023-10-30,2023-11-03,410.68,192,-52176,29305218,2705960,0.104008780961807,98.5552948283818,-1.71181102362205
496.04,496,7515,7515,30060,30060,2023-10-30,2023-12-15,410.68,0,0,464898391,-24053256,0.00646592902490816,99.9221133032487,0
456.03,456,10103,9903,40412,29709,2023-10-30,2023-11-17,410.68,-200,-10703,224258015,-22838844,0.013247687044764,99.8403472892597,-0.360261200309671
412.09,398,4,20,9440,28180,2023-10-30,2023-11-03,410.68,16,18740,29305218,2705960,0.0961603493275498,98.6514551777093,0.665010645848119
410.49,380,29,9,95265,27441,2023-10-30,2023-11-03,410.68,-20,-67824,29305218,2705960,0.0936386141198472,98.7450937918292,-2.47163004263693
457.03,457,9024,8983,36096,26949,2023-10-30,2023-11-17,410.68,-41,-9147,224258015,-22838844,0.0120169618017889,99.8523642510614,-0.339418902371146
451.05,451,5807,5360,34842,26800,2023-10-30,2023-11-17,410.68,-447,-8041.99999999999,224258015,-22838844,0.011950520475266,99.8643147715367,-0.300074626865671
468.11,468,2413,2425,36195,26675,2023-10-30,2023-12-15,410.68,12,-9520,464898391,-24053256,0.0057378129321166,99.9278511161808,-0.35688847235239
440.02,440,13234,13222,39702,26444,2023-10-30,2023-11-03,410.68,-12,-13258,29305218,2705960,0.0902364896244758,98.8353302814537,-0.50136136741794
453.04,453,6402,6349,38412,25396,2023-10-30,2023-11-17,410.68,-53,-13016,224258015,-22838844,0.0113244558951438,99.8756392274318,-0.512521656953851
447.64,447.5,1688,1761,38824,24654,2023-10-30,2023-11-24,410.68,73,-14170,37741766,-2420140,0.0653228574412761,99.6966596634614,-0.574754603715421
413.46,399,14,17,25746,24582,2023-10-30,2023-11-10,410.68,3,-1164,22301235,3339264,0.110227079352332,98.4891060965906,-0.0473517207712961
413.13,398,1,16,1911,24208,2023-10-30,2023-11-10,410.68,15,22297,22301235,3339264,0.108550042183762,98.5976561387744,0.921059153998678
418,398,5,12,10035,24000,2023-10-30,2023-11-24,410.68,7,13965,37741766,-2420140,0.0635900291470198,99.7602496926085,0.581875
458.02,458,12017,11985,48068,23970,2023-10-30,2023-11-17,410.68,-32,-24098,224258015,-22838844,0.0106885811862733,99.8863278086181,-1.00534000834376
414.4,355,0,4,0,23760,2023-10-30,2023-11-10,410.68,4,23760,22301235,3339264,0.10654118482676,98.7041973236011,1
416.42,300,2,2,23284,23284,2023-10-30,2023-11-03,410.68,0,0,29305218,2705960,0.0794534270313226,98.914783708485,0
447.15,447,1443,1519,30303,22785,2023-10-30,2023-11-24,410.68,76,-7518,37741766,-2420140,0.0603707839214519,99.8206204765299,-0.329953917050691
493.03,493,7549,7549,22647,22647,2023-10-30,2023-12-15,410.68,0,0,464898391,-24053256,0.00487138704680955,99.9327225032276,0
448.03,448,7510,7519,30040,22557,2023-10-30,2023-11-10,410.68,9,-7483,22301235,3339264,0.101146864736415,98.8053441883376,-0.33173737642417
535.02,535,10953,10953,21906,21906,2023-10-30,2023-12-15,410.68,0,0,464898391,-24053256,0.00471199737922948,99.9374345006068,0
465.01,465,21703,21601,65109,21601,2023-10-30,2023-11-17,410.68,-102,-43508,224258015,-22838844,0.00963220868605298,99.8959600173042,-2.01416601083283
462.02,462,10784,10659,32352,21318,2023-10-30,2023-11-17,410.68,-125,-11034,224258015,-22838844,0.00950601475715372,99.9054660320613,-0.517590768364762
415.1,345,3,3,21030,21030,2023-10-30,2023-11-10,410.68,0,0,22301235,3339264,0.0942997103075233,98.8996438986451,0
415.08,396,0,11,0,20988,2023-10-30,2023-11-24,410.68,11,20988,37741766,-2420140,0.0556094804890688,99.876229957019,1
438.08,438,2320,2614,41760,20912,2023-10-30,2023-11-10,410.68,294,-20848,22301235,3339264,0.0937705916286699,98.9934144902738,-0.996939556235654
479.05,479,4155,4155,24930,20775,2023-10-30,2023-12-15,410.68,0,-4155,464898391,-24053256,0.00446871841292305,99.9419032190197,-0.2
415.74,375,5,5,20370,20370,2023-10-30,2023-11-10,410.68,0,0,22301235,3339264,0.0913402329512244,99.084754723225,0
432.55,432.5,3608,4053,54120,20265,2023-10-30,2023-11-03,410.68,445,-33855,29305218,2705960,0.0691515074209651,98.9839352159059,-1.67061435973353
480.01,480,19730,19802,39460,19802,2023-10-30,2023-11-17,410.68,72,-19658,224258015,-22838844,0.0088300077034036,99.9142960397647,-0.992728007271993
550.01,550,19062,19062,19062,19062,2023-10-30,2023-12-15,410.68,0,0,464898391,-24053256,0.00410025080082499,99.9460034698206,0
530.02,530,9355,9355,18710,18710,2023-10-30,2023-12-15,410.68,0,0,464898391,-24053256,0.00402453533120531,99.9500280051518,0
433.04,433,4650,4675,65100,18700,2023-10-30,2023-11-03,410.68,25,-46400,29305218,2705960,0.0638111615480902,99.047746377454,-2.48128342245989
412.97,396,1,11,2078,18667,2023-10-30,2023-11-10,410.68,10,16589,22301235,3339264,0.0837038845606532,99.1684586077856,0.888680559275727
419.45,235,1,1,18445,18445,2023-10-30,2023-11-17,410.68,0,0,224258015,-22838844,0.00822490112560748,99.9225209408903,0
411.39,350,1,3,6370,18417,2023-10-30,2023-11-10,410.68,2,12047,22301235,3339264,0.08258287041054,99.2510414781962,0.654123907259597
413.53,230,1,1,18353,18353,2023-10-30,2023-11-17,410.68,0,0,224258015,-22838844,0.00818387695084165,99.9307048178412,0
470.01,470,18455,18334,36910,18334,2023-10-30,2023-11-17,410.68,-121,-18576,224258015,-22838844,0.00817540456692261,99.9388802224081,-1.01319952001745
420.41,240,1,1,18041,18041,2023-10-30,2023-11-17,410.68,0,0,224258015,-22838844,0.00804475148859228,99.9469249738967,0
414.75,385,6,6,16920,17850,2023-10-30,2023-11-03,410.68,0,930,29305218,2705960,0.0609106542049952,99.108657031659,0.0521008403361345
412.2,396,10,11,19060,17820,2023-10-30,2023-11-03,410.68,1,-1240,29305218,2705960,0.0608082833575918,99.1694653150166,-0.0695847362514029
491.04,491,4327,4327,17308,17308,2023-10-30,2023-12-15,410.68,0,0,464898391,-24053256,0.00372296405732237,99.9537509692091,0
501.03,501,5460,5460,16380,16380,2023-10-30,2023-12-15,410.68,0,0,464898391,-24053256,0.00352335054650684,99.9572743197556,0
515.01,515,16279,16279,32558,16279,2023-10-30,2023-12-15,410.68,0,-16279,464898391,-24053256,0.00350162536914437,99.9607759451248,-1
487.04,487,4054,4054,16216,16216,2023-10-30,2023-12-15,410.68,0,0,464898391,-24053256,0.00348807402088858,99.9642640191457,0
452.02,452,7888,8020,23664,16040,2023-10-30,2023-11-10,410.68,132,-7624,22301235,3339264,0.0719242678712636,99.3229657460674,-0.475311720698254
434.03,434,10834,5299,97506,15897,2023-10-30,2023-11-03,410.68,-5535,-81609,29305218,2705960,0.0542463120390369,99.2237116270556,-5.13361011511606
600.01,600,15521,15520,15521,15520,2023-10-30,2023-12-15,410.68,-1,-0.999999999998181,464898391,-24053256,0.00333836388777693,99.9676023830334,-6.44329896906044e-05
445.03,445,5154,5147,25770,15441,2023-10-30,2023-11-10,410.68,-7,-10329,22301235,3339264,0.0692383179675924,99.392204064035,-0.668933359238391
700.01,700,14943,14944,0,14944,2023-10-30,2023-12-15,410.68,1,14944,464898391,-24053256,0.00321446584658109,99.97081684888,1
441.05,441,2942,2899,29420,14495,2023-10-30,2023-11-10,410.68,-43,-14925,22301235,3339264,0.064996400423564,99.4572004644586,-1.02966540186271
411.01,365,23,3,0,13803,2023-10-30,2023-11-03,410.68,-20,13803,29305218,2705960,0.0471008268902828,99.2708124539459,1
459.02,459,7104,6897,21312,13794,2023-10-30,2023-11-17,410.68,-207,-7518,224258015,-22838844,0.00615095072521711,99.9530759246219,-0.545019573727708
410.79,388,6,6,20916,13674,2023-10-30,2023-11-03,410.68,0,-7242,29305218,2705960,0.0466606322464484,99.3174730861924,-0.529618253620009
483.04,483,3341,3367,16705,13468,2023-10-30,2023-12-15,410.68,26,-3237,464898391,-24053256,0.00289697711601673,99.973713825996,-0.24034749034749
414.08,370,3,3,14640,13224,2023-10-30,2023-11-03,410.68,0,-1416,29305218,2705960,0.0451250695353981,99.3625981557278,-0.107078039927405
478.07,478,1879,1879,13153,13153,2023-10-30,2023-12-15,410.68,0,0,464898391,-24053256,0.00282922037473776,99.9765430463708,0
450.02,450,6388,6318,19164,12636,2023-10-30,2023-11-10,410.68,-70,-6528,22301235,3339264,0.0566605392033222,99.5138610036619,-0.51661918328585
505.01,505,12190,12190,12190,12190,2023-10-30,2023-11-10,410.68,0,0,22301235,3339264,0.0546606499595202,99.5685216536214,0
455.01,455,12170,12149,36510,12149,2023-10-30,2023-11-10,410.68,-21,-24361,22301235,3339264,0.0544768036389016,99.6229984572603,-2.00518561198453
444.03,444,3816,3851,22896,11553,2023-10-30,2023-11-10,410.68,35,-11343,22301235,3339264,0.0518043059050317,99.6748027631654,-0.981822903142041
545.01,545,11423,11423,11423,11423,2023-10-30,2023-12-15,410.68,0,0,464898391,-24053256,0.00245709604961829,99.9790001424204,0
460.03,460,3359,3746,16795,11238,2023-10-30,2023-11-24,410.68,387,-5557,37741766,-2420140,0.029776031148092,99.9060059881671,-0.494483004093255
456.01,456,10972,10971,21944,10971,2023-10-30,2023-11-10,410.68,-1,-10973,22301235,3339264,0.0491945849635682,99.7239973481289,-1.00018229878771
565.01,565,10671,10671,10671,10671,2023-10-30,2023-12-15,410.68,0,0,464898391,-24053256,0.00229534027361261,99.981295482694,0
411.96,397,0,7,0,10472,2023-10-30,2023-11-03,410.68,7,10472,29305218,2705960,0.0357342504669305,99.3983324061947,1
489.03,489,3410,3413,17050,10239,2023-10-30,2023-12-15,410.68,3,-6811,464898391,-24053256,0.00220241674271572,99.9834978994367,-0.665201679851548
560.01,560,9923,9923,9923,9923,2023-10-30,2023-12-15,410.68,0,0,464898391,-24053256,0.00213444490067078,99.9856323443374,0
455.02,455,4977,4915,4977,9830,2023-10-30,2023-11-03,410.68,-62,4853,29305218,2705960,0.0335435143324987,99.4318759205272,0.493692777212614
499.03,499,3170,3170,9510,9510,2023-10-30,2023-12-15,410.68,0,0,464898391,-24053256,0.00204560828432723,99.9876779526217,0
484.03,484,3100,3150,15500,9450,2023-10-30,2023-12-15,410.68,50,-6050,464898391,-24053256,0.00203270223836933,99.9897106548601,-0.64021164021164
454.02,454,4536,4645,13608,9290,2023-10-30,2023-11-10,410.68,109,-4318,22301235,3339264,0.0416568858182069,99.7656542339471,-0.464800861141012
412.8,320,0,1,0,9280,2023-10-30,2023-11-03,410.68,1,9280,29305218,2705960,0.0316667154634373,99.4635426359906,1
436.02,436,4494,4631,26964,9262,2023-10-30,2023-11-03,410.68,137,-17702,29305218,2705960,0.0316052929549953,99.4951479289456,-1.9112502699201
446.01,446,8939,9201,26817,9201,2023-10-30,2023-11-03,410.68,262,-17616,29305218,2705960,0.0313971388986084,99.5265450678442,-1.91457450277144
500.01,500,9140,9140,9140,9140,2023-10-30,2023-11-17,410.68,0,0,224258015,-22838844,0.00407566257999742,99.9571515872019,0
441.02,441,4501,4544,13503,9088,2023-10-30,2023-11-03,410.68,43,-4415,29305218,2705960,0.0310115420400558,99.5575566098843,-0.485805457746479
485.01,485,8834,8834,8834,8834,2023-10-30,2023-11-17,410.68,0,0,224258015,-22838844,0.0039392126074067,99.9610907998093,0
497.03,497,2902,2902,8706,8706,2023-10-30,2023-12-15,410.68,0,0,464898391,-24053256,0.00187266726849136,99.9915833221286,0
498.02,498,4320,4320,12960,8640,2023-10-30,2023-12-15,410.68,0,-4320,464898391,-24053256,0.00185847061793767,99.9934417927465,-0.5
488.04,488,2053,2053,8212,8212,2023-10-30,2023-12-15,410.68,0,0,464898391,-24053256,0.00176640749010465,99.9952082002366,0
442.04,442,2090,2048,18810,8192,2023-10-30,2023-11-10,410.68,-42,-10618,22301235,3339264,0.0367333916709097,99.802387625618,-1.296142578125
437.02,437,4008,4042,20040,8084,2023-10-30,2023-11-03,410.68,34,-11956,29305218,2705960,0.0275855310136236,99.5851421408979,-1.47897080653142
464.01,464,7670,7947,23010,7947,2023-10-30,2023-11-17,410.68,277,-15063,224258015,-22838844,0.00354368605287084,99.9646344858622,-1.8954322385806
495.01,495,7161,7874,7161,7874,2023-10-30,2023-11-17,410.68,713,712.999999999999,224258015,-22838844,0.00351113426202403,99.9681456201242,0.0905511811023621
486.03,486,2507,2499,10028,7497,2023-10-30,2023-12-15,410.68,-8,-2531,464898391,-24053256,0.00161261044243967,99.996820810679,-0.337601707349607
449.04,449,1766,1825,8830,7300,2023-10-30,2023-11-10,410.68,59,-1530,22301235,3339264,0.0327336131833058,99.8351212388014,-0.209589041095891
494.02,494,3505,3505,0,7010,2023-10-30,2023-12-15,410.68,0,7010,464898391,-24053256,0.00150785636941471,99.9983286670485,1
459.01,459,6983,6983,6983,6983,2023-10-30,2023-11-03,410.68,0,0,29305218,2705960,0.0238285209139205,99.6089706618118,0
468.01,468,6912,6941,20736,6941,2023-10-30,2023-11-17,410.68,29,-13795,224258015,-22838844,0.00309509562010526,99.9712407157443,-1.98746578302838
460.01,460,6879,6927,6879,6927,2023-10-30,2023-11-03,410.68,48,47.9999999999991,29305218,2705960,0.0236374286654343,99.6326080904773,0.00692940666955379
448.02,448,3495,3454,3495,6908,2023-10-30,2023-11-03,410.68,-41,3413,29305218,2705960,0.0235725937954121,99.6561806842727,0.494064852345107
450.01,450,6945,6845,13890,6845,2023-10-30,2023-11-03,410.68,-100,-7045,29305218,2705960,0.0233576150158651,99.6795382992885,-1.02921840759679
416.21,382,2,2,6842,6842,2023-10-30,2023-11-24,410.68,0,0,37741766,-2420140,0.0181284574759962,99.9241344456431,0
452.08,452,742,806,8162,6448,2023-10-30,2023-11-24,410.68,64,-1714,37741766,-2420140,0.017084521164166,99.9412189668072,-0.265818858560794
447.02,447,3175,3154,19050,6308,2023-10-30,2023-11-10,410.68,-21,-12742,22301235,3339264,0.0282854290356566,99.863406667837,-2.01997463538364
442.52,442.5,2867,2929,11468,5858,2023-10-30,2023-11-03,410.68,62,-5610,29305218,2705960,0.0199896141362948,99.6995279134249,-0.95766473199044
412.9,356,1,1,5690,5690,2023-10-30,2023-11-03,410.68,0,0,29305218,2705960,0.019416337390836,99.7189442508157,0
494.01,494,2517,5545,2517,5545,2023-10-30,2023-11-17,410.68,3028,3028,224258015,-22838844,0.00247259835952798,99.9737133141038,0.546077547339946
520.01,520,5544,5544,5544,5544,2023-10-30,2023-11-17,410.68,0,0,224258015,-22838844,0.00247215244458487,99.9761854665484,0
515.01,515,5405,5405,5405,5405,2023-10-30,2023-11-17,410.68,0,0,224258015,-22838844,0.002410170267493,99.9785956368159,0
490.01,490,5400,5397,5400,5397,2023-10-30,2023-11-17,410.68,-3,-3,224258015,-22838844,0.00240660294794815,99.9810022397639,-0.000555864369093941
466.01,466,5267,5340,15801,5340,2023-10-30,2023-11-17,410.68,73,-10461,224258015,-22838844,0.00238118579619105,99.9833834255601,-1.95898876404494
446.02,446,2671,2669,13355,5338,2023-10-30,2023-11-10,410.68,-2,-8017,22301235,3339264,0.0239358941332173,99.8873425619702,-1.50187336080929
460.02,460,2379,2605,4758,5210,2023-10-30,2023-11-10,410.68,226,452,22301235,3339264,0.0233619348883593,99.9107044968586,0.0867562380038388
472.01,472,5155,5150,5155,5150,2023-10-30,2023-11-17,410.68,-5,-5,224258015,-22838844,0.00229646195700073,99.9856798875171,-0.000970873786407767
437.52,437.5,2565,2571,12825,5142,2023-10-30,2023-11-03,410.68,6,-7683,29305218,2705960,0.0175463632449347,99.7364906140606,-1.49416569428238
411.65,386,0,2,0,5130,2023-10-30,2023-11-10,410.68,2,5130,22301235,3339264,0.0230032103603231,99.9337077072189,1
439.01,439,4923,5012,19692,5012,2023-10-30,2023-11-03,410.68,89,-14680,29305218,2705960,0.0171027562395202,99.7535933703001,-2.92897047086991
445.01,445,5023,4808,10046,4808,2023-10-30,2023-11-03,410.68,-215,-5238,29305218,2705960,0.0164066344771774,99.7700000047773,-1.08943427620632
468.01,468,4754,4754,4754,4754,2023-10-30,2023-11-03,410.68,0,0,29305218,2705960,0.0162223669518514,99.7862223717292,0
488.01,488,4581,4695,4581,4695,2023-10-30,2023-11-17,410.68,114,114,224258015,-22838844,0.00209357065788708,99.987773458175,0.0242811501597444
474.01,474,4516,4515,4516,4515,2023-10-30,2023-11-17,410.68,-1,-1,224258015,-22838844,0.00201330596812783,99.9897867641431,-0.000221483942414175
492.03,492,1496,1496,4488,4488,2023-10-30,2023-12-15,410.68,0,0,464898391,-24053256,0.000965372237650958,99.9992940392861,0
505.01,505,4279,4287,4279,4287,2023-10-30,2023-11-17,410.68,8,8,224258015,-22838844,0.00191163736109945,99.9916984015042,0.00186610683461628
443.03,443,1436,1410,14360,4230,2023-10-30,2023-11-10,410.68,-26,-10130,22301235,3339264,0.0189675594199155,99.9526752666388,-2.39479905437352
465.01,465,4027,4149,4027,4149,2023-10-30,2023-11-03,410.68,122,122,29305218,2705960,0.0141578881958838,99.8003802599251,0.0294046758255
443.01,443,4033,4054,12099,4054,2023-10-30,2023-11-03,410.68,21,-8045,29305218,2705960,0.0138337138457731,99.8142139737708,-1.98445979279724
452.02,452,1932,1932,1932,3864,2023-10-30,2023-11-03,410.68,0,1932,29305218,2705960,0.0131853651455519,99.8273993389164,0.5
449.01,449,3907,3857,3907,3857,2023-10-30,2023-11-03,410.68,-50,-50,29305218,2705960,0.0131614786144911,99.8405608175309,-0.0129634430904848
451.02,451,1905,1902,3810,3804,2023-10-30,2023-11-03,410.68,-3,-6,29305218,2705960,0.0129806234507452,99.8535414409816,-0.00157728706624606
451.02,451,1828,1826,7312,3652,2023-10-30,2023-11-10,410.68,-2,-3660,22301235,3339264,0.0163757747048538,99.9690510413437,-1.00219058050383
560.01,560,3650,3650,3650,3650,2023-10-30,2023-11-17,410.68,0,0,224258015,-22838844,0.00162758954234033,99.9933259910465,0
461.01,461,30,3630,30,3630,2023-10-30,2023-11-03,410.68,3600,3600,29305218,2705960,0.0123868725358057,99.8659283135174,0.991735537190083
438.01,438,3557,3620,17785,3620,2023-10-30,2023-11-03,410.68,63,-14165,29305218,2705960,0.0123527489200046,99.8782810624374,-3.91298342541437
496.01,496,3473,3473,3473,3473,2023-10-30,2023-11-17,410.68,0,0,224258015,-22838844,0.0015486625974104,99.9948746536439,0
448.13,448,244,261,4392,3393,2023-10-30,2023-11-24,410.68,17,-999,37741766,-2420140,0.00899004037065992,99.9502090071779,-0.294429708222812
442.02,442,1648,1671,4944,3342,2023-10-30,2023-11-03,410.68,23,-1602,29305218,2705960,0.0114041124007335,99.8896851748382,-0.47935368043088
411.1,378,0,1,0,3310,2023-10-30,2023-11-03,410.68,1,3310,29305218,2705960,0.01129491683017,99.9009800916683,1
605.01,605,3282,3282,3282,3282,2023-10-30,2023-12-15,410.68,0,0,464898391,-24053256,0.000705960713897158,100,0
447.02,447,1618,1573,3236,3146,2023-10-30,2023-11-03,410.68,-45,-90,29305218,2705960,0.0107352895310316,99.9117153811994,-0.0286077558804832
476.01,476,3080,3080,3080,3080,2023-10-30,2023-11-17,410.68,0,0,224258015,-22838844,0.00137341802476937,99.9962480716687,0
465.03,465,1110,1016,3330,3048,2023-10-30,2023-11-24,410.68,-94,-282,37741766,-2420140,0.00807593370167151,99.9582849408796,-0.0925196850393699
454.07,454,358,378,3580,2646,2023-10-30,2023-11-24,410.68,20,-934.000000000001,37741766,-2420140,0.00701080071345893,99.965295741593,-0.352985638699925
444.01,444,2592,2630,7776,2630,2023-10-30,2023-11-03,410.68,38,-5146,29305218,2705960,0.00897451095569397,99.920689892155,-1.95665399239544
478.01,478,2489,2489,2489,2489,2023-10-30,2023-11-17,410.68,0,0,224258015,-22838844,0.00110988229339317,99.9973579539621,0
470.03,470,846,811,1692,2433,2023-10-30,2023-11-24,410.68,-35,741,37741766,-2420140,0.00644643920477913,99.9717421807978,0.304562268803946
411.15,399,0,2,0,2430,2023-10-30,2023-11-03,410.68,2,2430,29305218,2705960,0.00829203863967161,99.9289819307947,1
458.05,458,434,465,2170,2325,2023-10-30,2023-11-24,410.68,31,155,37741766,-2420140,0.00616028407361754,99.9779024648714,0.0666666666666665
484.01,484,2055,2055,2055,2055,2023-10-30,2023-11-17,410.68,0,0,224258015,-22838844,0.000916355208084759,99.9982743091702,0
486.01,486,1889,1969,1889,1969,2023-10-30,2023-11-17,410.68,80,80.0000000000002,224258015,-22838844,0.000878006522977562,99.9991523156932,0.0406297613001525
411.87,393,0,1,0,1887,2023-10-30,2023-11-03,410.68,1,1887,29305218,2705960,0.00643912630167092,99.9354210570964,1
470.01,470,1856,1856,1856,1856,2023-10-30,2023-11-03,410.68,0,0,29305218,2705960,0.00633334309268745,99.9417544001891,0
475.02,475,946,915,1892,1830,2023-10-30,2023-11-24,410.68,-31,-62.0000000000002,37741766,-2420140,0.00484873972246026,99.9827512045939,-0.0338797814207652
466.01,466,1654,1654,1654,1654,2023-10-30,2023-11-03,410.68,0,0,29305218,2705960,0.00564404605350488,99.9473984462426,0
480.01,480,1635,1635,1635,1635,2023-10-30,2023-11-03,410.68,0,0,29305218,2705960,0.00557921118348275,99.9529776574261,0
454.01,454,1038,1595,1038,1595,2023-10-30,2023-11-03,410.68,557,557,29305218,2705960,0.00544271672027828,99.9584203741463,0.349216300940439
500.01,500,1520,1520,1520,1520,2023-10-30,2023-11-24,410.68,0,0,37741766,-2420140,0.00402736851264459,99.9867785731065,0
453.01,453,1483,1483,1483,1483,2023-10-30,2023-11-03,410.68,0,0,29305218,2705960,0.00506053222330576,99.9634809063696,0
482.01,482,1467,1465,2934,1465,2023-10-30,2023-11-17,410.68,-2,-1469,224258015,-22838844,0.000653265391651665,99.9998055810848,-1.00273037542662
447.51,447.5,1439,1444,2878,1444,2023-10-30,2023-11-03,410.68,5,-1434,29305218,2705960,0.0049274501216814,99.9684083564913,-0.993074792243767
456.02,456,746,699,1492,1398,2023-10-30,2023-11-03,410.68,-47,-94,29305218,2705960,0.00477048148899626,99.9731788379803,-0.067238912732475
457.01,457,1287,1340,2574,1340,2023-10-30,2023-11-03,410.68,53,-1234,29305218,2705960,0.00457256451734978,99.9777514024977,-0.92089552238806
480.02,480,556,611,556,1222,2023-10-30,2023-11-24,410.68,55,666,37741766,-2420140,0.00323779231740242,99.9900163654239,0.545008183306056
470.01,470,1104,1090,1104,1090,2023-10-30,2023-11-10,410.68,-14,-14,22301235,3339264,0.0048876216944936,99.9739386630382,-0.0128440366972477
480.02,480,511,511,1022,1022,2023-10-30,2023-11-10,410.68,0,0,22301235,3339264,0.00458270584566281,99.9785213688838,0
466.03,466,314,335,1884,1005,2023-10-30,2023-11-24,410.68,21,-879,37741766,-2420140,0.00266283247053145,99.9926791978945,-0.874626865671642
452.52,452.5,494,494,988,988,2023-10-30,2023-11-03,410.68,0,0,29305218,2705960,0.00337141324115043,99.9811228157388,0
458.01,458,957,947,1914,947,2023-10-30,2023-11-10,410.68,-10,-967,22301235,3339264,0.00424640160062884,99.9827677704845,-1.02111932418163
458.01,458,885,839,885,839,2023-10-30,2023-11-03,410.68,-46,-46,29305218,2705960,0.00286297136571378,99.9839857871045,-0.0548271752085817
482.01,482,804,804,804,804,2023-10-30,2023-11-03,410.68,0,0,29305218,2705960,0.00274353871040987,99.986729325815,0
465.01,465,779,778,779,778,2023-10-30,2023-11-10,410.68,-1,-1,22301235,3339264,0.00348859603515231,99.9862563665196,-0.0012853470437018
466.01,466,749,748,1498,748,2023-10-30,2023-11-10,410.68,-1,-750,22301235,3339264,0.00335407433713873,99.9896104408568,-1.00267379679144
456.06,456,72,117,576,702,2023-10-30,2023-11-24,410.68,45,126,37741766,-2420140,0.00186000835255033,99.994539206247,0.17948717948718
475.01,475,656,656,656,656,2023-10-30,2023-11-03,410.68,0,0,29305218,2705960,0.00223850919655332,99.9889678350115,0
462.01,462,600,601,600,601,2023-10-30,2023-11-10,410.68,1,1,22301235,3339264,0.00269491801687216,99.9923053588736,0.00166389351081531
474.01,474,597,597,597,597,2023-10-30,2023-11-03,410.68,0,0,29305218,2705960,0.00203717986332673,99.9910050148748,0
475.01,475,579,583,579,583,2023-10-30,2023-11-10,410.68,4,4,22301235,3339264,0.00261420499806401,99.9949195638717,0.00686106346483705
462.04,462,45,142,180,568,2023-10-30,2023-11-24,410.68,97,388,37741766,-2420140,0.00150496402314613,99.9960441702702,0.683098591549296
464.01,464,539,539,539,539,2023-10-30,2023-11-10,410.68,0,0,22301235,3339264,0.00241690650764408,99.9973364703794,0
462.01,462,476,473,476,473,2023-10-30,2023-11-03,410.68,-3,-2.99999999999994,29305218,2705960,0.00161404702739287,99.9926190619022,-0.00634249471458762
464.01,464,445,445,445,445,2023-10-30,2023-11-03,410.68,0,0,29305218,2705960,0.00151850090314974,99.9941375628054,0
492.01,492,436,436,436,436,2023-10-30,2023-11-17,410.68,0,0,224258015,-22838844,0.000194418915194625,100,0
485.01,485,410,410,410,410,2023-10-30,2023-11-03,410.68,0,0,29305218,2705960,0.00139906824784583,99.9955366310532,0
472.01,472,395,395,395,395,2023-10-30,2023-11-03,410.68,0,0,29305218,2705960,0.00134788282414415,99.9968845138774,0
485.02,485,109,174,109,348,2023-10-30,2023-11-24,410.68,65,239,37741766,-2420140,0.000922055422631787,99.9969662256928,0.686781609195402
490.02,490,74,139,74,278,2023-10-30,2023-11-24,410.68,65,204,37741766,-2420140,0.000736584504286313,99.9977028101971,0.733812949640288
481.01,481,253,253,253,253,2023-10-30,2023-11-03,410.68,0,0,29305218,2705960,0.000863327479768279,99.9977478413571,0
490.03,490,70,70,210,210,2023-10-30,2023-11-10,410.68,0,0,22301235,3339264,0.000941651886095097,99.9982781222654,0
485.01,485,196,196,196,196,2023-10-30,2023-11-10,410.68,0,0,22301235,3339264,0.000878875093688758,99.9991569973591,0
495.02,495,32,96,32,192,2023-10-30,2023-11-24,410.68,64,160,37741766,-2420140,0.000508720233176158,99.9982115304302,0.833333333333333
464.03,464,40,63,160,189,2023-10-30,2023-11-24,410.68,23,29,37741766,-2420140,0.000500771479532781,99.9987123019098,0.153439153439153
467.01,467,185,185,185,185,2023-10-30,2023-11-03,410.68,0,0,29305218,2705960,0.000631286892320678,99.9983791282495,0
500.01,500,185,185,185,185,2023-10-30,2023-11-10,410.68,0,0,22301235,3339264,0.000829550471083776,99.9999865478302,0
495.01,495,176,176,176,176,2023-10-30,2023-11-03,410.68,0,0,29305218,2705960,0.000600575638099672,99.9989797038875,0
530.01,530,148,148,148,148,2023-10-30,2023-11-24,410.68,0,0,37741766,-2420140,0.000392138513073289,99.9991044404229,0
468.03,468,16,44,80,132,2023-10-30,2023-11-24,410.68,28,52,37741766,-2420140,0.000349745160308609,99.9994541855832,0.393939393939394
500.01,500,128,128,128,128,2023-10-30,2023-11-03,410.68,0,0,29305218,2705960,0.000436782282254307,99.9994164861698,0
476.01,476,118,118,118,118,2023-10-30,2023-11-03,410.68,0,0,29305218,2705960,0.000402658666453189,99.9998191448363,0
472.02,472,9,44,45,88,2023-10-30,2023-11-24,410.68,35,43,37741766,-2420140,0.000233163440205739,99.9996873490234,0.488636363636364
510.01,510,62,62,62,62,2023-10-30,2023-11-24,410.68,0,0,37741766,-2420140,0.000164274241963134,99.9998516232653,0
469.01,469,49,50,98,50,2023-10-30,2023-11-03,410.68,1,-48,29305218,2705960,0.000170618079005589,99.9999897629153,-0.96
515.01,515,0,40,0,40,2023-10-30,2023-11-24,410.68,40,40,37741766,-2420140,0.0001059833819117,99.9999576066472,1
505.02,505,3,7,0,14,2023-10-30,2023-11-24,410.68,4,14,37741766,-2420140,3.70941836690949e-05,99.9999947008309,1
463.01,463,3,3,3,3,2023-10-30,2023-11-03,410.68,0,0,29305218,2705960,1.02370847403353e-05,100,0
525.01,525,2,2,2,2,2023-10-30,2023-11-10,410.68,0,0,22301235,3339264,8.96811320090569e-06,99.9999955159434,0
520.01,520,2,2,2,2,2023-10-30,2023-11-24,410.68,0,0,37741766,-2420140,5.29916909558498e-06,100,0
468.01,468,1,1,1,1,2023-10-30,2023-11-10,410.68,0,0,22301235,3339264,4.48405660045285e-06,100,0
305,305,1,1,0,0,2023-10-30,2023-11-03,410.68,0,0,29305218,2705960,0,100,
310,310,0,0,0,0,2023-10-30,2023-11-03,410.68,0,0,29305218,2705960,0,100,
315,315,0,0,0,0,2023-10-30,2023-11-03,410.68,0,0,29305218,2705960,0,100,
330,330,1,1,0,0,2023-10-30,2023-11-03,410.68,0,0,29305218,2705960,0,100,
335,335,27,27,0,0,2023-10-30,2023-11-03,410.68,0,0,29305218,2705960,0,100,
345,345,1,1,0,0,2023-10-30,2023-11-03,410.68,0,0,29305218,2705960,0,100,
354,354,0,0,0,0,2023-10-30,2023-11-03,410.68,0,0,29305218,2705960,0,100,
357,357,0,0,0,0,2023-10-30,2023-11-03,410.68,0,0,29305218,2705960,0,100,
358,358,0,0,0,0,2023-10-30,2023-11-03,410.68,0,0,29305218,2705960,0,100,
359,359,0,0,0,0,2023-10-30,2023-11-03,410.68,0,0,29305218,2705960,0,100,
361,361,0,0,0,0,2023-10-30,2023-11-03,410.68,0,0,29305218,2705960,0,100,
362,362,0,0,0,0,2023-10-30,2023-11-03,410.68,0,0,29305218,2705960,0,100,
363,363,0,0,0,0,2023-10-30,2023-11-03,410.68,0,0,29305218,2705960,0,100,
364,364,0,0,0,0,2023-10-30,2023-11-03,410.68,0,0,29305218,2705960,0,100,
366,366,0,0,0,0,2023-10-30,2023-11-03,410.68,0,0,29305218,2705960,0,100,
367,367,0,0,0,0,2023-10-30,2023-11-03,410.68,0,0,29305218,2705960,0,100,
368,368,0,0,0,0,2023-10-30,2023-11-03,410.68,0,0,29305218,2705960,0,100,
369,369,0,0,0,0,2023-10-30,2023-11-03,410.68,0,0,29305218,2705960,0,100,
371,371,0,0,0,0,2023-10-30,2023-11-03,410.68,0,0,29305218,2705960,0,100,
372,372,0,0,0,0,2023-10-30,2023-11-03,410.68,0,0,29305218,2705960,0,100,
373,373,0,0,0,0,2023-10-30,2023-11-03,410.68,0,0,29305218,2705960,0,100,
374,374,0,0,0,0,2023-10-30,2023-11-03,410.68,0,0,29305218,2705960,0,100,
376,376,0,0,0,0,2023-10-30,2023-11-03,410.68,0,0,29305218,2705960,0,100,
377,377,0,0,0,0,2023-10-30,2023-11-03,410.68,0,0,29305218,2705960,0,100,
379,379,0,0,0,0,2023-10-30,2023-11-03,410.68,0,0,29305218,2705960,0,100,
381,381,0,0,0,0,2023-10-30,2023-11-03,410.68,0,0,29305218,2705960,0,100,
382,382,0,0,0,0,2023-10-30,2023-11-03,410.68,0,0,29305218,2705960,0,100,
383,383,0,0,0,0,2023-10-30,2023-11-03,410.68,0,0,29305218,2705960,0,100,
384,384,0,0,0,0,2023-10-30,2023-11-03,410.68,0,0,29305218,2705960,0,100,
386,386,1,1,0,0,2023-10-30,2023-11-03,410.68,0,0,29305218,2705960,0,100,
387,387,0,0,0,0,2023-10-30,2023-11-03,410.68,0,0,29305218,2705960,0,100,
389,389,0,0,0,0,2023-10-30,2023-11-03,410.68,0,0,29305218,2705960,0,100,
391,391,0,0,0,0,2023-10-30,2023-11-03,410.68,0,0,29305218,2705960,0,100,
392,392,1,1,0,0,2023-10-30,2023-11-03,410.68,0,0,29305218,2705960,0,100,
394,394,2,2,0,0,2023-10-30,2023-11-03,410.68,0,0,29305218,2705960,0,100,
471,471,0,0,0,0,2023-10-30,2023-11-03,410.68,0,0,29305218,2705960,0,100,
473,473,0,0,0,0,2023-10-30,2023-11-03,410.68,0,0,29305218,2705960,0,100,
477,477,0,0,0,0,2023-10-30,2023-11-03,410.68,0,0,29305218,2705960,0,100,
478,478,0,0,0,0,2023-10-30,2023-11-03,410.68,0,0,29305218,2705960,0,100,
479,479,0,0,0,0,2023-10-30,2023-11-03,410.68,0,0,29305218,2705960,0,100,
483,483,0,0,0,0,2023-10-30,2023-11-03,410.68,0,0,29305218,2705960,0,100,
484,484,0,0,0,0,2023-10-30,2023-11-03,410.68,0,0,29305218,2705960,0,100,
486,486,0,0,0,0,2023-10-30,2023-11-03,410.68,0,0,29305218,2705960,0,100,
487,487,0,0,0,0,2023-10-30,2023-11-03,410.68,0,0,29305218,2705960,0,100,
488,488,0,0,0,0,2023-10-30,2023-11-03,410.68,0,0,29305218,2705960,0,100,
489,489,0,0,0,0,2023-10-30,2023-11-03,410.68,0,0,29305218,2705960,0,100,
490,490,1384,1384,0,0,2023-10-30,2023-11-03,410.68,0,0,29305218,2705960,0,100,
505,505,0,0,0,0,2023-10-30,2023-11-03,410.68,0,0,29305218,2705960,0,100,
510,510,0,0,0,0,2023-10-30,2023-11-03,410.68,0,0,29305218,2705960,0,100,
515,515,0,0,0,0,2023-10-30,2023-11-03,410.68,0,0,29305218,2705960,0,100,
520,520,1,1,0,0,2023-10-30,2023-11-03,410.68,0,0,29305218,2705960,0,100,
525,525,0,0,0,0,2023-10-30,2023-11-03,410.68,0,0,29305218,2705960,0,100,
530,530,0,0,0,0,2023-10-30,2023-11-03,410.68,0,0,29305218,2705960,0,100,
540,540,40,40,0,0,2023-10-30,2023-11-03,410.68,0,0,29305218,2705960,0,100,
305,305,0,0,0,0,2023-10-30,2023-11-10,410.68,0,0,22301235,3339264,0,100,
310,310,0,0,0,0,2023-10-30,2023-11-10,410.68,0,0,22301235,3339264,0,100,
315,315,0,0,0,0,2023-10-30,2023-11-10,410.68,0,0,22301235,3339264,0,100,
320,320,4,4,0,0,2023-10-30,2023-11-10,410.68,0,0,22301235,3339264,0,100,
325,325,0,0,0,0,2023-10-30,2023-11-10,410.68,0,0,22301235,3339264,0,100,
330,330,3,3,0,0,2023-10-30,2023-11-10,410.68,0,0,22301235,3339264,0,100,
335,335,0,0,0,0,2023-10-30,2023-11-10,410.68,0,0,22301235,3339264,0,100,
340,340,0,0,0,0,2023-10-30,2023-11-10,410.68,0,0,22301235,3339264,0,100,
360,360,0,0,0,0,2023-10-30,2023-11-10,410.68,0,0,22301235,3339264,0,100,
365,365,0,0,0,0,2023-10-30,2023-11-10,410.68,0,0,22301235,3339264,0,100,
370,370,0,0,0,0,2023-10-30,2023-11-10,410.68,0,0,22301235,3339264,0,100,
378,378,0,0,0,0,2023-10-30,2023-11-10,410.68,0,0,22301235,3339264,0,100,
380,380,1,1,0,0,2023-10-30,2023-11-10,410.68,0,0,22301235,3339264,0,100,
382,382,0,0,0,0,2023-10-30,2023-11-10,410.68,0,0,22301235,3339264,0,100,
384,384,0,0,0,0,2023-10-30,2023-11-10,410.68,0,0,22301235,3339264,0,100,
385,385,0,0,0,0,2023-10-30,2023-11-10,410.68,0,0,22301235,3339264,0,100,
388,388,0,0,0,0,2023-10-30,2023-11-10,410.68,0,0,22301235,3339264,0,100,
394,394,0,0,0,0,2023-10-30,2023-11-10,410.68,0,0,22301235,3339264,0,100,
495,495,8068,8068,0,0,2023-10-30,2023-11-10,410.68,0,0,22301235,3339264,0,100,
510,510,102,102,0,0,2023-10-30,2023-11-10,410.68,0,0,22301235,3339264,0,100,
515,515,45,45,0,0,2023-10-30,2023-11-10,410.68,0,0,22301235,3339264,0,100,
520,520,492,492,0,0,2023-10-30,2023-11-10,410.68,0,0,22301235,3339264,0,100,
530,530,0,0,0,0,2023-10-30,2023-11-10,410.68,0,0,22301235,3339264,0,100,
540,540,5,5,0,0,2023-10-30,2023-11-10,410.68,0,0,22301235,3339264,0,100,
215,215,0,0,0,0,2023-10-30,2023-11-17,410.68,0,0,224258015,-22838844,0,100,
220,220,4,4,0,0,2023-10-30,2023-11-17,410.68,0,0,224258015,-22838844,0,100,
245,245,0,0,0,0,2023-10-30,2023-11-17,410.68,0,0,224258015,-22838844,0,100,
255,255,0,0,0,0,2023-10-30,2023-11-17,410.68,0,0,224258015,-22838844,0,100,
260,260,4,4,0,0,2023-10-30,2023-11-17,410.68,0,0,224258015,-22838844,0,100,
265,265,2,2,0,0,2023-10-30,2023-11-17,410.68,0,0,224258015,-22838844,0,100,
270,270,6,6,0,0,2023-10-30,2023-11-17,410.68,0,0,224258015,-22838844,0,100,
275,275,0,0,0,0,2023-10-30,2023-11-17,410.68,0,0,224258015,-22838844,0,100,
280,280,36,36,0,0,2023-10-30,2023-11-17,410.68,0,0,224258015,-22838844,0,100,
290,290,0,0,0,0,2023-10-30,2023-11-17,410.68,0,0,224258015,-22838844,0,100,
295,295,0,0,0,0,2023-10-30,2023-11-17,410.68,0,0,224258015,-22838844,0,100,
305,305,1,1,0,0,2023-10-30,2023-11-17,410.68,0,0,224258015,-22838844,0,100,
310,310,8,8,0,0,2023-10-30,2023-11-17,410.68,0,0,224258015,-22838844,0,100,
315,315,2,2,0,0,2023-10-30,2023-11-17,410.68,0,0,224258015,-22838844,0,100,
325,325,4,4,0,0,2023-10-30,2023-11-17,410.68,0,0,224258015,-22838844,0,100,
355,355,11,11,0,0,2023-10-30,2023-11-17,410.68,0,0,224258015,-22838844,0,100,
365,365,97,97,0,0,2023-10-30,2023-11-17,410.68,0,0,224258015,-22838844,0,100,
378,378,0,0,0,0,2023-10-30,2023-11-17,410.68,0,0,224258015,-22838844,0,100,
382,382,2,2,0,0,2023-10-30,2023-11-17,410.68,0,0,224258015,-22838844,0,100,
388,388,125,125,0,0,2023-10-30,2023-11-17,410.68,0,0,224258015,-22838844,0,100,
510,510,4828,4828,0,0,2023-10-30,2023-11-17,410.68,0,0,224258015,-22838844,0,100,
525,525,2621,2621,0,0,2023-10-30,2023-11-17,410.68,0,0,224258015,-22838844,0,100,
530,530,6047,6047,0,0,2023-10-30,2023-11-17,410.68,0,0,224258015,-22838844,0,100,
535,535,253,253,0,0,2023-10-30,2023-11-17,410.68,0,0,224258015,-22838844,0,100,
540,540,5144,5144,0,0,2023-10-30,2023-11-17,410.68,0,0,224258015,-22838844,0,100,
545,545,300,300,0,0,2023-10-30,2023-11-17,410.68,0,0,224258015,-22838844,0,100,
550,550,1836,1836,0,0,2023-10-30,2023-11-17,410.68,0,0,224258015,-22838844,0,100,
300,300,0,0,0,0,2023-10-30,2023-11-24,410.68,0,0,37741766,-2420140,0,100,
420.28,315,0,0,0,0,2023-10-30,2023-11-24,410.68,0,0,37741766,-2420140,0,100,
325,325,0,0,0,0,2023-10-30,2023-11-24,410.68,0,0,37741766,-2420140,0,100,
330,330,2,2,0,0,2023-10-30,2023-11-24,410.68,0,0,37741766,-2420140,0,100,
335,335,1,1,0,0,2023-10-30,2023-11-24,410.68,0,0,37741766,-2420140,0,100,
340,340,0,0,0,0,2023-10-30,2023-11-24,410.68,0,0,37741766,-2420140,0,100,
345,345,1,1,0,0,2023-10-30,2023-11-24,410.68,0,0,37741766,-2420140,0,100,
355,355,65,65,0,0,2023-10-30,2023-11-24,410.68,0,0,37741766,-2420140,0,100,
360,360,2,2,0,0,2023-10-30,2023-11-24,410.68,0,0,37741766,-2420140,0,100,
370,370,1,1,0,0,2023-10-30,2023-11-24,410.68,0,0,37741766,-2420140,0,100,
378,378,0,0,0,0,2023-10-30,2023-11-24,410.68,0,0,37741766,-2420140,0,100,
384,384,0,0,0,0,2023-10-30,2023-11-24,410.68,0,0,37741766,-2420140,0,100,
388,388,0,0,0,0,2023-10-30,2023-11-24,410.68,0,0,37741766,-2420140,0,100,
392,392,0,0,0,0,2023-10-30,2023-11-24,410.68,0,0,37741766,-2420140,0,100,
394,394,0,0,0,0,2023-10-30,2023-11-24,410.68,0,0,37741766,-2420140,0,100,
525,525,141,141,0,0,2023-10-30,2023-11-24,410.68,0,0,37741766,-2420140,0,100,
540,540,4,4,0,0,2023-10-30,2023-11-24,410.68,0,0,37741766,-2420140,0,100,
155,155,11,11,0,0,2023-10-30,2023-12-15,410.68,0,0,464898391,-24053256,0,100,
160,160,0,0,0,0,2023-10-30,2023-12-15,410.68,0,0,464898391,-24053256,0,100,
165,165,1,1,0,0,2023-10-30,2023-12-15,410.68,0,0,464898391,-24053256,0,100,
180,180,17,17,0,0,2023-10-30,2023-12-15,410.68,0,0,464898391,-24053256,0,100,
185,185,33,33,0,0,2023-10-30,2023-12-15,410.68,0,0,464898391,-24053256,0,100,
190,190,8,8,0,0,2023-10-30,2023-12-15,410.68,0,0,464898391,-24053256,0,100,
195,195,42,42,0,0,2023-10-30,2023-12-15,410.68,0,0,464898391,-24053256,0,100,
205,205,13,13,0,0,2023-10-30,2023-12-15,410.68,0,0,464898391,-24053256,0,100,
210,210,32,32,0,0,2023-10-30,2023-12-15,410.68,0,0,464898391,-24053256,0,100,
215,215,6,6,0,0,2023-10-30,2023-12-15,410.68,0,0,464898391,-24053256,0,100,
220,220,19,19,0,0,2023-10-30,2023-12-15,410.68,0,0,464898391,-24053256,0,100,
230,230,9,9,0,0,2023-10-30,2023-12-15,410.68,0,0,464898391,-24053256,0,100,
245,245,21,21,0,0,2023-10-30,2023-12-15,410.68,0,0,464898391,-24053256,0,100,
255,255,85,85,0,0,2023-10-30,2023-12-15,410.68,0,0,464898391,-24053256,0,100,
265,265,761,761,0,0,2023-10-30,2023-12-15,410.68,0,0,464898391,-24053256,0,100,
270,270,104,104,0,0,2023-10-30,2023-12-15,410.68,0,0,464898391,-24053256,0,100,
275,275,44,44,0,0,2023-10-30,2023-12-15,410.68,0,0,464898391,-24053256,0,100,
280,280,209,209,0,0,2023-10-30,2023-12-15,410.68,0,0,464898391,-24053256,0,100,
285,285,11,11,0,0,2023-10-30,2023-12-15,410.68,0,0,464898391,-24053256,0,100,
295,295,44,44,0,0,2023-10-30,2023-12-15,410.68,0,0,464898391,-24053256,0,100,
305,305,85,85,0,0,2023-10-30,2023-12-15,410.68,0,0,464898391,-24053256,0,100,
335,335,444,444,0,0,2023-10-30,2023-12-15,410.68,0,0,464898391,-24053256,0,100,
345,345,483,483,0,0,2023-10-30,2023-12-15,410.68,0,0,464898391,-24053256,0,100,
346,346,37,37,0,0,2023-10-30,2023-12-15,410.68,0,0,464898391,-24053256,0,100,
347,347,77,77,0,0,2023-10-30,2023-12-15,410.68,0,0,464898391,-24053256,0,100,
349,349,54,54,0,0,2023-10-30,2023-12-15,410.68,0,0,464898391,-24053256,0,100,
351,351,105,105,0,0,2023-10-30,2023-12-15,410.68,0,0,464898391,-24053256,0,100,
352,352,43,43,0,0,2023-10-30,2023-12-15,410.68,0,0,464898391,-24053256,0,100,
353,353,2,2,0,0,2023-10-30,2023-12-15,410.68,0,0,464898391,-24053256,0,100,
354,354,13,13,0,0,2023-10-30,2023-12-15,410.68,0,0,464898391,-24053256,0,100,
356,356,0,0,0,0,2023-10-30,2023-12-15,410.68,0,0,464898391,-24053256,0,100,
357,357,6,6,0,0,2023-10-30,2023-12-15,410.68,0,0,464898391,-24053256,0,100,
358,358,3,3,0,0,2023-10-30,2023-12-15,410.68,0,0,464898391,-24053256,0,100,
359,359,5,5,0,0,2023-10-30,2023-12-15,410.68,0,0,464898391,-24053256,0,100,
361,361,3,3,0,0,2023-10-30,2023-12-15,410.68,0,0,464898391,-24053256,0,100,
363,363,166,166,0,0,2023-10-30,2023-12-15,410.68,0,0,464898391,-24053256,0,100,
364,364,85,85,0,0,2023-10-30,2023-12-15,410.68,0,0,464898391,-24053256,0,100,
366,366,45,45,0,0,2023-10-30,2023-12-15,410.68,0,0,464898391,-24053256,0,100,
367,367,95,95,0,0,2023-10-30,2023-12-15,410.68,0,0,464898391,-24053256,0,100,
369,369,83,83,0,0,2023-10-30,2023-12-15,410.68,0,0,464898391,-24053256,0,100,
371,371,20,20,0,0,2023-10-30,2023-12-15,410.68,0,0,464898391,-24053256,0,100,
372,372,48,48,0,0,2023-10-30,2023-12-15,410.68,0,0,464898391,-24053256,0,100,
373,373,129,129,0,0,2023-10-30,2023-12-15,410.68,0,0,464898391,-24053256,0,100,
374,374,91,91,0,0,2023-10-30,2023-12-15,410.68,0,0,464898391,-24053256,0,100,
381,381,21,21,0,0,2023-10-30,2023-12-15,410.68,0,0,464898391,-24053256,0,100,
382,382,25,25,0,0,2023-10-30,2023-12-15,410.68,0,0,464898391,-24053256,0,100,
525,525,10479,10479,0,0,2023-10-30,2023-12-15,410.68,0,0,464898391,-24053256,0,100,
540,540,17577,17577,0,0,2023-10-30,2023-12-15,410.68,0,0,464898391,-24053256,0,100,
555,555,7791,7791,0,0,2023-10-30,2023-12-15,410.68,0,0,464898391,-24053256,0,100,
570,570,6833,6833,0,0,2023-10-30,2023-12-15,410.68,0,0,464898391,-24053256,0,100,
575,575,6394,6394,0,0,2023-10-30,2023-12-15,410.68,0,0,464898391,-24053256,0,100,
580,580,5345,5345,0,0,2023-10-30,2023-12-15,410.68,0,0,464898391,-24053256,0,100,
585,585,1210,1210,0,0,2023-10-30,2023-12-15,410.68,0,0,464898391,-24053256,0,100,
590,590,2753,2753,0,0,2023-10-30,2023-12-15,410.68,0,0,464898391,-24053256,0,100,
595,595,2687,2687,0,0,2023-10-30,2023-12-15,410.68,0,0,464898391,-24053256,0,100,
610,610,765,765,0,0,2023-10-30,2023-12-15,410.68,0,0,464898391,-24053256,0,100,
615,615,269,269,0,0,2023-10-30,2023-12-15,410.68,0,0,464898391,-24053256,0,100,
620,620,989,989,0,0,2023-10-30,2023-12-15,410.68,0,0,464898391,-24053256,0,100,
625,625,1996,1996,0,0,2023-10-30,2023-12-15,410.68,0,0,464898391,-24053256,0,100,
630,630,7892,7892,0,0,2023-10-30,2023-12-15,410.68,0,0,464898391,-24053256,0,100,
635,635,1444,1444,0,0,2023-10-30,2023-12-15,410.68,0,0,464898391,-24053256,0,100,
640,640,104,104,0,0,2023-10-30,2023-12-15,410.68,0,0,464898391,-24053256,0,100,
645,645,472,472,0,0,2023-10-30,2023-12-15,410.68,0,0,464898391,-24053256,0,100,
650,650,5433,5433,0,0,2023-10-30,2023-12-15,410.68,0,0,464898391,-24053256,0,100,
655,655,2046,2046,0,0,2023-10-30,2023-12-15,410.68,0,0,464898391,-24053256,0,100,
660,660,39312,39312,0,0,2023-10-30,2023-12-15,410.68,0,0,464898391,-24053256,0,100,
665,665,3361,3361,0,0,2023-10-30,2023-12-15,410.68,0,0,464898391,-24053256,0,100,
670,670,258,258,0,0,2023-10-30,2023-12-15,410.68,0,0,464898391,-24053256,0,100,
675,675,220,220,0,0,2023-10-30,2023-12-15,410.68,0,0,464898391,-24053256,0,100,
680,680,611,611,0,0,2023-10-30,2023-12-15,410.68,0,0,464898391,-24053256,0,100,
685,685,212,212,0,0,2023-10-30,2023-12-15,410.68,0,0,464898391,-24053256,0,100,
690,690,163,163,0,0,2023-10-30,2023-12-15,410.68,0,0,464898391,-24053256,0,100,
695,695,1179,1179,0,0,2023-10-30,2023-12-15,410.68,0,0,464898391,-24053256,0,100,
705,705,109,109,0,0,2023-10-30,2023-12-15,410.68,0,0,464898391,-24053256,0,100,
710,710,173,173,0,0,2023-10-30,2023-12-15,410.68,0,0,464898391,-24053256,0,100,
715,715,86,86,0,0,2023-10-30,2023-12-15,410.68,0,0,464898391,-24053256,0,100,
720,720,1332,1332,0,0,2023-10-30,2023-12-15,410.68,0,0,464898391,-24053256,0,100,
