Date.td,expiry,totalOI,totalOIdiff,totalOI_itm,totalOIdiff_itm,OI_diff_pct,ITM_pct,OI_ITM_diff_pct
2023-08-02,2023-08-04,$165.41M,($13.14)M,$156.91M,($8.24)M,-8.0%,95%,-5.0%
2023-08-02,2023-08-11,$147.58M,($14.58)M,$122.69M,($5.93)M,-10.0%,83%,-5.0%
2023-08-02,2023-08-18,"$2,505.06M",($77.59)M,"$2,461.98M",($66.01)M,-3.0%,98%,-3.0%
2023-08-02,2023-08-25,$129.36M,($5.64)M,$105.28M,($3.66)M,-4.0%,81%,-4.0%
2023-08-02,2023-09-01,$113.55M,$0.93M,$98.19M,$0.07M,1.0%,86%,0.0%
2023-08-02,2023-09-08,$15.86M,$3.60M,$11.88M,$1.66M,23.0%,75%,14.0%
2023-08-02,2023-09-15,"$2,433.76M",($51.68)M,"$2,320.22M",($38.75)M,-2.0%,95%,-2.0%
2023-08-02,2023-09-29,$389.29M,($5.02)M,$364.15M,($5.42)M,-1.0%,94%,-1.0%
2023-08-02,2023-10-20,$586.36M,($12.35)M,$510.84M,($8.28)M,-2.0%,87%,-2.0%
2023-08-02,2023-11-17,$147.25M,($0.82)M,$115.36M,($0.64)M,-1.0%,78%,-1.0%
2023-08-02,2023-12-15,"$1,519.91M",($12.94)M,"$1,301.78M",($9.38)M,-1.0%,86%,-1.0%
2023-08-01,2023-08-04,$178.56M,$5.69M,$168.04M,$3.78M,3.0%,94%,2.0%
2023-08-01,2023-08-11,$162.16M,$7.60M,$132.03M,$2.99M,5.0%,81%,2.0%
2023-08-01,2023-08-18,"$2,582.65M",$16.25M,"$2,533.98M",$13.49M,1.0%,98%,1.0%
2023-08-01,2023-08-25,$135.00M,$7.84M,$112.29M,$4.06M,6.0%,83%,4.0%
2023-08-01,2023-09-01,$112.62M,$13.85M,$100.28M,$9.19M,12.0%,89%,9.0%
2023-08-01,2023-09-08,$12.25M,$2.15M,$11.05M,$1.65M,18.0%,90%,15.0%
2023-08-01,2023-09-15,"$2,485.44M",$31.58M,"$2,358.97M",$20.77M,1.0%,95%,1.0%
2023-08-01,2023-09-29,$394.31M,$6.36M,$370.47M,$5.67M,2.0%,94%,2.0%
2023-08-01,2023-10-20,$598.70M,$11.21M,$519.12M,$4.54M,2.0%,87%,1.0%
2023-08-01,2023-11-17,$148.06M,$2.51M,$115.99M,$0.96M,2.0%,78%,1.0%
2023-08-01,2023-12-15,"$1,532.85M",$11.02M,"$1,318.59M",($0.70)M,1.0%,86%,0.0%
2023-08-03,2023-08-04,$102.15M,($63.26)M,$94.51M,($42.66)M,-62%,92%,-45%
2023-08-03,2023-08-11,$86.62M,($60.96)M,$68.06M,($26.72)M,-70%,79%,-39%
2023-08-03,2023-08-18,"$2,024.77M",($480.29)M,"$1,926.51M",($383.75)M,-24%,95%,-20%
2023-08-03,2023-08-25,$81.75M,($47.61)M,$53.28M,($21.47)M,-58%,65%,-40%
2023-08-03,2023-09-01,$97.26M,($16.29)M,$64.30M,($2.29)M,-17%,66%,-4%
2023-08-03,2023-09-08,$14.74M,($1.12)M,$5.07M,$1.53M,-8%,34%,30%
2023-08-03,2023-09-15,"$2,060.96M",($372.80)M,"$1,879.67M",($302.70)M,-18%,91%,-16%
2023-08-03,2023-09-29,$317.30M,($71.98)M,$241.38M,($38.44)M,-23%,76%,-16%
2023-08-03,2023-10-20,$499.45M,($86.91)M,$389.54M,($47.25)M,-17%,78%,-12%
2023-08-03,2023-11-17,$132.05M,($15.20)M,$80.91M,($9.77)M,-12%,61%,-12%
2023-08-03,2023-12-15,"$1,325.16M",($194.75)M,"$1,060.36M",($112.32)M,-15%,80%,-11%
2023-08-04,2023-08-04,$110.79M,$8.64M,$96.46M,$1.95M,8.0%,87%,2%
2023-08-04,2023-08-11,$90.55M,$3.92M,$70.09M,$2.03M,4.0%,77%,3%
2023-08-04,2023-08-18,"$2,026.16M",$1.39M,"$1,926.17M",($0.33)M,0.0%,95%,0%
2023-08-04,2023-08-25,$80.86M,($0.88)M,$53.75M,$0.47M,-1.0%,66%,1%
2023-08-04,2023-09-01,$104.68M,$7.42M,$71.34M,$7.04M,7.0%,68%,10%
2023-08-04,2023-09-08,$16.84M,$2.10M,$6.04M,$0.96M,12.0%,36%,16%
2023-08-04,2023-09-15,"$2,066.16M",$5.20M,"$1,882.04M",$2.37M,0.0%,91%,0%
2023-08-04,2023-09-22,$0.25M,$0.25M,$0.06M,$0.06M,100.0%,22%,100%
2023-08-04,2023-09-29,$321.65M,$4.35M,$242.75M,$1.38M,1.0%,76%,1%
2023-08-04,2023-10-20,$514.96M,$15.51M,$400.41M,$10.88M,3.0%,78%,3%
2023-08-04,2023-11-17,$133.29M,$1.24M,$81.18M,$0.27M,1.0%,61%,0%
2023-08-04,2023-12-15,"$1,325.58M",$0.42M,"$1,058.82M",($1.53)M,0.0%,80%,0%
2023-08-07,2023-08-11,$64.48M,($26.06)M,$48.95M,($9.47)M,-40.0%,76%,-19%
2023-08-07,2023-08-18,"$1,840.82M",($185.33)M,"$1,771.82M",($135.62)M,-10.0%,96%,-8%
2023-08-07,2023-08-25,$64.21M,($16.66)M,$42.97M,($5.61)M,-26.0%,67%,-13%
2023-08-07,2023-09-01,$89.04M,($15.63)M,$61.38M,($4.85)M,-18.0%,69%,-8%
2023-08-07,2023-09-08,$15.12M,($1.72)M,$4.25M,($0.20)M,-11.0%,28%,-5%
2023-08-07,2023-09-15,"$1,930.40M",($135.76)M,"$1,762.00M",($96.07)M,-7.0%,91%,-6%
2023-08-07,2023-09-22,$1.13M,$0.88M,$0.24M,$0.20M,78.0%,22%,83%
2023-08-07,2023-09-29,$298.87M,($22.78)M,$233.60M,($8.11)M,-8.0%,78%,-4%
2023-08-07,2023-10-20,$481.70M,($33.26)M,$382.87M,($16.87)M,-7.0%,80%,-4%
2023-08-07,2023-11-17,$121.78M,($11.50)M,$76.37M,($4.81)M,-9.0%,63%,-6%
2023-08-07,2023-12-15,"$1,287.11M",($38.47)M,"$1,032.03M",($14.87)M,-3.0%,80%,-1%
2023-08-08,2023-08-11,$84.72M,$20.23M,$74.90M,$16.80M,24%,88%,22%
2023-08-08,2023-08-18,"$2,005.83M",$165.01M,"$1,957.54M",$150.39M,8%,98%,8%
2023-08-08,2023-08-25,$73.76M,$9.55M,$57.05M,$6.94M,13%,77%,12%
2023-08-08,2023-09-01,$102.33M,$13.29M,$79.10M,$7.43M,13%,77%,9%
2023-08-08,2023-09-08,$20.79M,$5.67M,$10.46M,$3.18M,27%,50%,30%
2023-08-08,2023-09-15,"$2,057.34M",$126.94M,"$1,926.18M",$99.94M,6%,94%,5%
2023-08-08,2023-09-22,$2.82M,$1.69M,$0.63M,$0.22M,60%,22%,34%
2023-08-08,2023-09-29,$314.08M,$15.22M,$271.70M,$9.13M,5%,86%,3%
2023-08-08,2023-10-20,$512.23M,$30.53M,$438.83M,$19.54M,6%,86%,4%
2023-08-08,2023-11-17,$136.32M,$14.54M,$96.46M,$5.81M,11%,71%,6%
2023-08-08,2023-12-15,"$1,318.46M",$31.35M,"$1,109.20M",$13.62M,2%,84%,1%
2023-08-09,2023-08-11,$79.59M,($5.12)M,$70.28M,$0.47M,-6%,88%,1%
2023-08-09,2023-08-18,"$1,849.53M",($156.30)M,"$1,793.90M",($131.48)M,-9%,97%,-7%
2023-08-09,2023-08-25,$67.41M,($6.35)M,$48.59M,($3.44)M,-9%,72%,-7%
2023-08-09,2023-09-01,$93.98M,($8.36)M,$68.74M,($2.91)M,-9%,73%,-4%
2023-08-09,2023-09-08,$30.96M,$10.17M,$16.01M,$7.70M,33%,52%,48%
2023-08-09,2023-09-15,"$1,949.15M",($108.19)M,"$1,787.11M",($84.97)M,-6%,92%,-5%
2023-08-09,2023-09-22,$3.94M,$1.12M,$1.03M,$0.58M,28%,26%,56%
2023-08-09,2023-09-29,$292.27M,($21.82)M,$225.90M,($12.42)M,-7%,77%,-6%
2023-08-09,2023-10-20,$490.67M,($21.56)M,$387.86M,($10.46)M,-4%,79%,-3%
2023-08-09,2023-11-17,$138.02M,$1.69M,$82.87M,$4.71M,1%,60%,6%
2023-08-09,2023-12-15,"$1,277.94M",($40.52)M,"$1,019.01M",($31.95)M,-3%,80%,-3%
2023-08-10,2023-08-11,$71.01M,($8.59)M,$54.85M,($2.32)M,-12%,77%,-4%
2023-08-10,2023-08-18,"$1,688.37M",($161.16)M,"$1,634.54M",($137.10)M,-10%,97%,-8%
2023-08-10,2023-08-25,$55.78M,($11.63)M,$35.77M,($6.30)M,-21%,64%,-18%
2023-08-10,2023-09-01,$86.42M,($7.56)M,$60.42M,($1.00)M,-9%,70%,-2%
2023-08-10,2023-09-08,$50.19M,$19.23M,$23.68M,$11.87M,38%,47%,50%
2023-08-10,2023-09-15,"$1,848.77M",($100.38)M,"$1,684.00M",($67.15)M,-5%,91%,-4%
2023-08-10,2023-09-22,$6.37M,$2.43M,$0.83M,$0.13M,38%,13%,15%
2023-08-10,2023-09-29,$278.92M,($13.35)M,$221.20M,($3.06)M,-5%,79%,-1%
2023-08-10,2023-10-20,$468.21M,($22.46)M,$376.97M,($8.30)M,-5%,80%,-2%
2023-08-10,2023-11-17,$129.47M,($8.54)M,$79.91M,($2.96)M,-7%,62%,-4%
2023-08-10,2023-12-15,"$1,249.05M",($28.89)M,$994.00M,($9.56)M,-2%,80%,-1%
2023-08-11,2023-08-11,$63.02M,($7.99)M,$50.78M,($4.07)M,-13%,81%,-8%
2023-08-11,2023-08-18,"$1,651.09M",($37.27)M,"$1,607.52M",($27.01)M,-2%,97%,-2%
2023-08-11,2023-08-25,$57.24M,$1.45M,$38.28M,$2.51M,3%,67%,7%
2023-08-11,2023-09-01,$87.74M,$1.32M,$62.05M,$1.63M,1%,71%,3%
2023-08-11,2023-09-08,$54.10M,$3.91M,$24.43M,$0.76M,7%,45%,3%
2023-08-11,2023-09-15,"$1,809.37M",($39.40)M,"$1,653.47M",($30.53)M,-2%,91%,-2%
2023-08-11,2023-09-22,$7.12M,$0.75M,$1.26M,$0.43M,10%,18%,34%
2023-08-11,2023-09-29,$268.87M,($10.04)M,$213.89M,($7.31)M,-4%,80%,-3%
2023-08-11,2023-10-20,$466.37M,($1.84)M,$373.06M,($3.91)M,0%,80%,-1%
2023-08-11,2023-11-17,$130.63M,$1.16M,$80.46M,$0.54M,1%,62%,1%
2023-08-11,2023-12-15,"$1,230.17M",($18.88)M,$980.78M,($13.22)M,-1%,80%,-1%
2023-08-14,2023-08-18,"$1,598.63M",($52.46)M,"$1,565.66M",($41.87)M,-3%,98%,-3%
2023-08-14,2023-08-25,$54.09M,($3.14)M,$38.39M,$0.11M,-6%,71%,0%
2023-08-14,2023-09-01,$85.85M,($1.88)M,$63.03M,$0.98M,-2%,73%,1%
2023-08-14,2023-09-08,$53.93M,($0.17)M,$25.84M,$1.40M,0%,48%,5%
2023-08-14,2023-09-15,"$1,750.68M",($58.69)M,"$1,606.66M",($46.81)M,-3%,92%,-3%
2023-08-14,2023-09-22,$7.34M,$0.22M,$1.76M,$0.50M,3%,24%,28%
2023-08-14,2023-09-29,$266.30M,($2.57)M,$214.08M,$0.20M,-1%,80%,0%
2023-08-14,2023-10-20,$461.33M,($5.04)M,$370.66M,($2.40)M,-1%,80%,-1%
2023-08-14,2023-11-17,$124.03M,($6.60)M,$77.77M,($2.69)M,-5%,63%,-4%
2023-08-14,2023-12-15,"$1,195.52M",($34.66)M,$958.92M,($21.86)M,-3%,80%,-2%
2023-08-15,2023-08-18,"$1,513.95M",($84.69)M,"$1,495.71M",($69.95)M,-6%,99%,-5%
2023-08-15,2023-08-25,$58.07M,$3.98M,$44.78M,$6.39M,7%,77%,14%
2023-08-15,2023-09-01,$80.17M,($5.68)M,$60.31M,($2.72)M,-7%,75%,-4%
2023-08-15,2023-09-08,$55.11M,$1.17M,$32.98M,$7.14M,2%,60%,22%
2023-08-15,2023-09-15,"$1,696.07M",($54.61)M,"$1,562.30M",($44.36)M,-3%,92%,-3%
2023-08-15,2023-09-22,$9.18M,$1.84M,$1.80M,$0.04M,20%,20%,2%
2023-08-15,2023-09-29,$258.80M,($7.50)M,$209.63M,($4.46)M,-3%,81%,-2%
2023-08-15,2023-10-20,$452.65M,($8.68)M,$363.56M,($7.10)M,-2%,80%,-2%
2023-08-15,2023-11-17,$122.22M,($1.81)M,$76.73M,($1.03)M,-1%,63%,-1%
2023-08-15,2023-12-15,"$1,177.56M",($17.96)M,$948.87M,($10.06)M,-1%,81%,-1%
2023-08-16,2023-08-18,"$1,412.05M",($101.90)M,"$1,379.48M",($85.84)M,-7%,98%,-6%
2023-08-16,2023-08-25,$62.26M,$4.19M,$44.82M,$5.91M,7%,72%,13%
2023-08-16,2023-09-01,$80.31M,$0.14M,$54.59M,$0.75M,0%,68%,1%
2023-08-16,2023-09-08,$57.68M,$2.57M,$28.20M,$3.91M,4%,49%,14%
2023-08-16,2023-09-15,"$1,616.48M",($79.59)M,"$1,453.92M",($63.00)M,-5%,90%,-4%
2023-08-16,2023-09-22,$9.51M,$0.33M,$1.54M,$0.46M,3%,16%,30%
2023-08-16,2023-09-29,$248.33M,($10.48)M,$189.81M,($4.64)M,-4%,76%,-2%
2023-08-16,2023-10-20,$439.49M,($13.17)M,$316.82M,($6.09)M,-3%,72%,-2%
2023-08-16,2023-11-17,$120.09M,($2.13)M,$65.44M,($0.65)M,-2%,54%,-1%
2023-08-16,2023-12-15,"$1,142.17M",($35.39)M,$901.97M,($22.16)M,-3%,79%,-3%
2023-08-17,2023-08-18,"$1,226.38M",($185.67)M,"$1,203.69M",($151.06)M,-15%,98%,-12%
2023-08-17,2023-08-25,$55.67M,($6.59)M,$38.37M,$1.32M,-12%,69%,3%
2023-08-17,2023-09-01,$65.09M,($15.23)M,$35.56M,($2.51)M,-23%,55%,-7%
2023-08-17,2023-09-08,$45.06M,($12.62)M,$10.55M,($0.75)M,-28%,23%,-7%
2023-08-17,2023-09-15,"$1,465.40M",($151.08)M,"$1,286.78M",($91.87)M,-10%,88%,-7%
2023-08-17,2023-09-22,$10.43M,$0.93M,$1.39M,$0.15M,9%,13%,11%
2023-08-17,2023-09-29,$227.85M,($20.48)M,$159.93M,($9.39)M,-9%,70%,-6%
2023-08-17,2023-10-20,$408.47M,($31.02)M,$283.87M,($10.25)M,-8%,70%,-4%
2023-08-17,2023-11-17,$118.13M,($1.97)M,$58.75M,$4.09M,-2%,50%,7%
2023-08-17,2023-12-15,"$1,079.71M",($62.46)M,$831.40M,($31.51)M,-6%,77%,-4%
2023-08-18,2023-08-18,"$1,017.23M",($209.15)M,"$1,003.71M",($192.59)M,-21%,99%,-19%
2023-08-18,2023-08-25,$51.35M,($4.32)M,$36.16M,$4.24M,-8%,70%,12%
2023-08-18,2023-09-01,$54.46M,($10.62)M,$31.35M,($0.67)M,-20%,58%,-2%
2023-08-18,2023-09-08,$76.63M,$31.58M,$51.18M,$44.20M,41%,67%,86%
2023-08-18,2023-09-15,"$1,306.67M",($158.74)M,"$1,150.37M",($103.97)M,-12%,88%,-9%
2023-08-18,2023-09-22,$10.65M,$0.22M,$1.38M,$0.15M,2%,13%,11%
2023-08-18,2023-09-29,$205.87M,($21.98)M,$145.90M,($10.87)M,-11%,71%,-7%
2023-08-18,2023-10-20,$371.97M,($36.50)M,$268.09M,($14.01)M,-10%,72%,-5%
2023-08-18,2023-11-17,$114.02M,($4.11)M,$50.73M,$2.06M,-4%,44%,4%
2023-08-18,2023-12-15,$998.26M,($81.45)M,$773.67M,($47.93)M,-8%,78%,-6%
2023-08-21,2023-08-25,$56.17M,$4.82M,$42.76M,$6.60M,9%,76%,15%
2023-08-21,2023-09-01,$58.58M,$4.11M,$36.80M,$5.44M,7%,63%,15%
2023-08-21,2023-09-08,$107.43M,$30.80M,$82.59M,$31.42M,29%,77%,38%
2023-08-21,2023-09-15,"$1,258.79M",($47.88)M,"$1,111.37M",($39.00)M,-4%,88%,-4%
2023-08-21,2023-09-22,$11.27M,$0.62M,$1.84M,$0.46M,6%,16%,25%
2023-08-21,2023-09-29,$198.17M,($7.70)M,$140.69M,($5.21)M,-4%,71%,-4%
2023-08-21,2023-10-20,$361.34M,($10.62)M,$263.36M,($4.73)M,-3%,73%,-2%
2023-08-21,2023-11-17,$128.24M,$14.22M,$56.77M,$6.05M,11%,44%,11%
2023-08-21,2023-12-15,$978.38M,($19.88)M,$758.95M,($14.72)M,-2%,78%,-2%
2023-08-22,2023-08-25,$74.61M,$18.44M,$62.30M,$13.93M,25%,84%,22%
2023-08-22,2023-09-01,$82.78M,$24.20M,$60.39M,$18.83M,29%,73%,31%
2023-08-22,2023-09-08,$129.70M,$22.27M,$102.37M,$16.96M,17%,79%,17%
2023-08-22,2023-09-15,"$1,338.23M",$79.44M,"$1,193.60M",$55.80M,6%,89%,5%
2023-08-22,2023-09-22,$14.16M,$2.89M,$3.33M,$0.82M,20%,23%,25%
2023-08-22,2023-09-29,$217.02M,$18.84M,$155.78M,$9.67M,9%,72%,6%
2023-08-22,2023-10-20,$398.57M,$37.23M,$279.87M,$14.76M,9%,70%,5%
2023-08-22,2023-11-17,$149.45M,$21.21M,$73.63M,$5.82M,14%,49%,8%
2023-08-22,2023-12-15,"$1,017.65M",$39.27M,$786.98M,$19.75M,4%,77%,3%
2023-08-23,2023-08-25,$68.91M,($5.70)M,$57.35M,($2.12)M,-8%,83%,-4%
2023-08-23,2023-09-01,$78.30M,($4.48)M,$57.22M,($1.41)M,-6%,73%,-3%
2023-08-23,2023-09-08,$125.39M,($4.31)M,$100.61M,($0.30)M,-3%,80%,0%
2023-08-23,2023-09-15,"$1,287.24M",($50.99)M,"$1,149.60M",($31.83)M,-4%,89%,-3%
2023-08-23,2023-09-22,$13.93M,($0.23)M,$3.51M,$0.34M,-2%,25%,10%
2023-08-23,2023-09-29,$209.99M,($7.03)M,$150.30M,($1.73)M,-3%,72%,-1%
2023-08-23,2023-10-20,$391.56M,($7.01)M,$278.08M,($0.30)M,-2%,71%,0%
2023-08-23,2023-11-17,$157.02M,$7.57M,$72.46M,$2.12M,5%,46%,3%
2023-08-23,2023-12-15,"$1,000.19M",($17.46)M,$780.03M,($5.04)M,-2%,78%,-1%
2023-08-24,2023-08-25,$107.01M,$38.10M,$96.99M,$30.50M,36%,91%,31%
2023-08-24,2023-09-01,$108.69M,$30.39M,$93.40M,$22.02M,28%,86%,24%
2023-08-24,2023-09-08,$151.07M,$25.68M,$131.80M,$17.27M,17%,87%,13%
2023-08-24,2023-09-15,"$1,482.34M",$195.11M,"$1,370.78M",$152.50M,13%,92%,11%
2023-08-24,2023-09-22,$20.50M,$6.57M,$9.51M,$2.70M,32%,46%,28%
2023-08-24,2023-09-29,$249.07M,$39.08M,$193.01M,$21.08M,16%,78%,11%
2023-08-24,2023-10-20,$456.24M,$64.69M,$340.24M,$33.11M,14%,75%,10%
2023-08-24,2023-11-17,$188.96M,$31.94M,$110.36M,$13.13M,17%,58%,12%
2023-08-24,2023-12-15,"$1,091.49M",$91.29M,$867.51M,$48.03M,8%,80%,6%
2023-08-25,2023-08-25,$54.05M,($52.96)M,$45.01M,($21.14)M,-98%,83%,-47.0%
2023-08-25,2023-09-01,$72.56M,($36.13)M,$53.90M,($10.54)M,-50%,74%,-20.0%
2023-08-25,2023-09-08,$116.92M,($34.15)M,$95.56M,($12.54)M,-29%,82%,-13.0%
2023-08-25,2023-09-15,"$1,232.26M",($250.09)M,"$1,108.50M",($134.59)M,-20%,90%,-12.0%
2023-08-25,2023-09-22,$13.70M,($6.80)M,$2.78M,($0.18)M,-50%,20%,-7.0%
2023-08-25,2023-09-29,$198.10M,($50.97)M,$144.20M,($14.60)M,-26%,73%,-10.0%
2023-08-25,2023-10-20,$389.39M,($66.85)M,$275.26M,($21.10)M,-17%,71%,-8.0%
2023-08-25,2023-11-17,$160.05M,($28.91)M,$60.07M,($7.59)M,-18%,38%,-13.0%
2023-08-25,2023-12-15,"$1,010.66M",($80.83)M,$784.84M,($30.10)M,-8%,78%,-4.0%
2023-08-28,2023-09-01,$85.72M,$13.16M,$66.29M,$6.84M,15%,77%,10%
2023-08-28,2023-09-08,$139.19M,$22.26M,$114.77M,$15.34M,16%,82%,13%
2023-08-28,2023-09-15,"$1,293.87M",$61.61M,"$1,173.94M",$38.76M,5%,91%,3%
2023-08-28,2023-09-22,$18.07M,$4.37M,$6.21M,$1.69M,24%,34%,27%
2023-08-28,2023-09-29,$214.79M,$16.69M,$156.13M,$4.72M,8%,73%,3%
2023-08-28,2023-10-20,$423.93M,$34.54M,$297.43M,$15.37M,8%,70%,5%
2023-08-28,2023-11-17,$179.36M,$19.31M,$78.05M,$4.28M,11%,44%,6%
2023-08-28,2023-12-15,"$1,022.52M",$11.86M,$781.91M,($11.59)M,1%,76%,-1%
2023-08-29,2023-09-01,$108.37M,$22.65M,$93.18M,$15.01M,21.0%,86%,16%
2023-08-29,2023-09-08,$163.47M,$24.29M,$145.49M,$18.13M,15.0%,89%,12%
2023-08-29,2023-09-15,"$1,386.76M",$92.89M,"$1,299.65M",$74.56M,7.0%,94%,6%
2023-08-29,2023-09-22,$21.24M,$3.17M,$11.03M,$1.71M,15.0%,52%,16%
2023-08-29,2023-09-29,$232.97M,$18.18M,$184.31M,$11.71M,8.0%,79%,6%
2023-08-29,2023-10-20,$471.29M,$47.36M,$348.93M,$21.28M,10.0%,74%,6%
2023-08-29,2023-11-17,$194.44M,$15.09M,$111.62M,$5.69M,8.0%,57%,5%
2023-08-29,2023-12-15,"$1,074.22M",$51.70M,$838.21M,$21.74M,5.0%,78%,3%
2023-08-30,2023-09-01,$187.52M,$79.15M,$175.61M,$68.91M,42%,94%,39%
2023-08-30,2023-09-08,$239.02M,$75.54M,$223.91M,$63.74M,32%,94%,28%
2023-08-30,2023-09-15,"$1,767.46M",$380.70M,"$1,680.69M",$326.88M,22%,95%,19%
2023-08-30,2023-09-22,$35.93M,$14.69M,$26.63M,$9.22M,41%,74%,35%
2023-08-30,2023-09-29,$305.87M,$72.89M,$253.27M,$48.11M,24%,83%,19%
2023-08-30,2023-10-20,$607.79M,$136.50M,$486.81M,$87.80M,22%,80%,18%
2023-08-30,2023-11-17,$265.43M,$70.99M,$184.06M,$40.41M,27%,69%,22%
2023-08-30,2023-12-15,"$1,236.85M",$162.63M,"$1,005.39M",$101.62M,13%,81%,10%
2023-08-31,2023-09-01,$214.88M,$27.36M,$206.86M,$24.87M,13.0%,96%,12%
2023-08-31,2023-09-08,$260.14M,$21.13M,$244.56M,$15.74M,8.0%,94%,6%
2023-08-31,2023-09-15,"$1,891.98M",$124.52M,"$1,832.06M",$117.62M,7.0%,97%,6%
2023-08-31,2023-09-22,$41.25M,$5.32M,$32.32M,$3.28M,13.0%,78%,10%
2023-08-31,2023-09-29,$325.30M,$19.43M,$295.52M,$17.36M,6.0%,91%,6%
2023-08-31,2023-10-20,$645.98M,$38.19M,$551.58M,$25.36M,6.0%,85%,5%
2023-08-31,2023-11-17,$291.71M,$26.28M,$226.01M,$19.74M,9.0%,78%,9%
2023-08-31,2023-12-15,"$1,294.73M",$57.87M,"$1,087.58M",$36.59M,4.0%,84%,3%
2023-09-01,2023-09-01,$197.77M,($17.10)M,$190.87M,($13.16)M,-9%,96%,-7%
2023-09-01,2023-09-08,$255.51M,($4.63)M,$239.87M,($1.80)M,-2%,94%,-1%
2023-09-01,2023-09-15,"$1,857.14M",($34.84)M,"$1,808.42M",($21.43)M,-2%,97%,-1%
2023-09-01,2023-09-22,$39.38M,($1.87)M,$30.47M,($1.04)M,-5%,77%,-3%
2023-09-01,2023-09-29,$315.47M,($9.83)M,$287.75M,($5.97)M,-3%,91%,-2%
2023-09-01,2023-10-06,$12.45M,$0.39M,$6.96M,($0.04)M,3%,56%,0%
2023-09-01,2023-10-13,$0.35M,$0.35M,$0.13M,$0.13M,100%,37%,100%
2023-09-01,2023-10-20,$628.02M,($17.96)M,$537.17M,($10.21)M,-3%,86%,-2%
2023-09-01,2023-11-17,$295.81M,$4.10M,$232.30M,$6.29M,1%,78%,3%
2023-09-01,2023-12-15,"$1,309.12M",$14.40M,"$1,095.73M",$11.15M,1%,84%,1%
2023-09-04,2023-09-08,$256.93M,$1.41M,$246.40M,$4.23M,0%,96%,2%
2023-09-04,2023-09-15,"$1,841.75M",($15.39)M,"$1,802.65M",($9.05)M,-1%,98%,0%
2023-09-04,2023-09-22,$40.73M,$1.35M,$31.64M,$0.38M,3%,78%,1%
2023-09-04,2023-09-29,$311.87M,($3.60)M,$288.05M,($1.46)M,-1%,92%,0%
2023-09-04,2023-10-06,$15.38M,$2.93M,$7.94M,$0.76M,19%,52%,10%
2023-09-04,2023-10-13,$1.17M,$0.82M,$0.46M,$0.33M,70%,39%,71%
2023-09-04,2023-10-20,$623.56M,($4.46)M,$539.23M,($1.89)M,-1%,86%,0%
2023-09-04,2023-11-17,$290.45M,($5.36)M,$226.49M,($5.81)M,-2%,78%,-3%
2023-09-04,2023-12-15,"$1,293.51M",($15.61)M,"$1,085.87M",($12.67)M,-1%,84%,-1%
2023-09-05,2023-09-08,$256.93M,$0M,$246.40M,$0M,0%,96%,0%
2023-09-05,2023-09-15,"$1,841.75M",$0M,"$1,802.65M",$0M,0%,98%,0%
2023-09-05,2023-09-22,$40.73M,$0M,$31.64M,$0M,0%,78%,0%
2023-09-05,2023-09-29,$311.87M,$0M,$288.05M,$0M,0%,92%,0%
2023-09-05,2023-10-06,$15.38M,$0M,$7.94M,$0M,0%,52%,0%
2023-09-05,2023-10-13,$1.17M,$0M,$0.46M,$0M,0%,39%,0%
2023-09-05,2023-10-20,$623.56M,$0M,$539.23M,$0M,0%,86%,0%
2023-09-05,2023-11-17,$290.45M,$0M,$226.49M,$0M,0%,78%,0%
2023-09-05,2023-12-15,"$1,293.51M",$0M,"$1,085.87M",$0M,0%,84%,0%
2023-09-06,2023-09-08,$229.69M,($27.24)M,$220.89M,($18.39)M,-12%,96%,-8%
2023-09-06,2023-09-15,"$1,732.95M",($108.80)M,"$1,683.62M",($85.99)M,-6%,97%,-5%
2023-09-06,2023-09-22,$36.14M,($4.59)M,$26.13M,($2.67)M,-13%,72%,-10%
2023-09-06,2023-09-29,$290.29M,($21.57)M,$251.43M,($12.02)M,-7%,87%,-5%
2023-09-06,2023-10-06,$13.85M,($1.52)M,$6.38M,($0.14)M,-11%,46%,-2%
2023-09-06,2023-10-13,$2.75M,$1.58M,$1.07M,$0.74M,57%,39%,69%
2023-09-06,2023-10-20,$586.86M,($36.70)M,$481.73M,($15.21)M,-6%,82%,-3%
2023-09-06,2023-11-17,$270.30M,($20.15)M,$191.62M,($10.78)M,-7%,71%,-6%
2023-09-06,2023-12-15,"$1,268.57M",($24.94)M,"$1,027.03M",($13.00)M,-2%,81%,-1%
2023-09-07,2023-09-08,$135.72M,($93.97)M,$130.03M,($83.51)M,-69%,96%,-64%
2023-09-07,2023-09-15,"$1,496.38M",($236.57)M,"$1,461.88M",($199.11)M,-16%,98%,-14%
2023-09-07,2023-09-22,$28.53M,($7.61)M,$21.02M,($2.10)M,-27%,74%,-10%
2023-09-07,2023-09-29,$242.06M,($48.24)M,$212.81M,($29.31)M,-20%,88%,-14%
2023-09-07,2023-10-06,$13.03M,($0.82)M,$5.41M,($0.08)M,-6%,42%,-1%
2023-09-07,2023-10-13,$4.61M,$1.86M,$1.40M,$0.38M,40%,30%,27%
2023-09-07,2023-10-20,$595.15M,$8.29M,$507.39M,$35.71M,1%,85%,7%
2023-09-07,2023-11-17,$254.03M,($16.27)M,$174.36M,($14.17)M,-6%,69%,-8%
2023-09-07,2023-12-15,"$1,172.19M",($96.38)M,$935.02M,($56.09)M,-8%,80%,-6%
2023-09-08,2023-09-08,$120.13M,($15.59)M,$114.05M,($11.26)M,-13%,95%,-10%
2023-09-08,2023-09-15,"$1,412.58M",($83.80)M,"$1,375.55M",($67.07)M,-6%,97%,-5%
2023-09-08,2023-09-22,$25.12M,($3.40)M,$17.21M,($0.45)M,-14%,69%,-3%
2023-09-08,2023-09-29,$228.23M,($13.83)M,$193.22M,($8.26)M,-6%,85%,-4%
2023-09-08,2023-10-06,$13.61M,$0.58M,$5.48M,$1.26M,4%,40%,23%
2023-09-08,2023-10-13,$5.66M,$1.06M,$1.78M,$0.66M,19%,32%,37%
2023-09-08,2023-10-20,$571.87M,($23.28)M,$461.36M,($13.90)M,-4%,81%,-3%
2023-09-08,2023-10-27,$0.63M,$0.63M,$0.36M,$0.36M,100%,58%,100%
2023-09-08,2023-11-17,$261.48M,$7.45M,$156.03M,$12.59M,3%,60%,8%
2023-09-08,2023-12-15,"$1,132.09M",($40.10)M,$881.37M,($24.89)M,-4%,78%,-3%
2023-09-11,2023-09-15,"$1,425.40M",$12.82M,"$1,397.58M",$12.66M,1%,98%,1%
2023-09-11,2023-09-22,$25.49M,$0.37M,$19.38M,$0.12M,1%,76%,1%
2023-09-11,2023-09-29,$234.86M,$6.63M,$204.75M,$3.61M,3%,87%,2%
2023-09-11,2023-10-06,$20.40M,$6.79M,$11.69M,$4.97M,33%,57%,42%
2023-09-11,2023-10-13,$9.57M,$3.90M,$5.01M,$2.87M,41%,52%,57%
2023-09-11,2023-10-20,$576.31M,$4.44M,$490.78M,$5.91M,1%,85%,1%
2023-09-11,2023-10-27,$1.11M,$0.47M,$0.61M,$0.13M,43%,55%,22%
2023-09-11,2023-11-17,$291.37M,$29.89M,$205.71M,$24.75M,10%,71%,12%
2023-09-11,2023-12-15,"$1,140.20M",$8.11M,$912.58M,$10.95M,1%,80%,1%
2023-09-12,2023-09-15,"$1,568.12M",$142.72M,"$1,545.18M",$133.67M,9%,98%,9%
2023-09-12,2023-09-22,$34.28M,$8.79M,$27.49M,$6.02M,26%,80%,22%
2023-09-12,2023-09-29,$262.75M,$27.89M,$233.42M,$19.94M,11%,89%,9%
2023-09-12,2023-10-06,$26.66M,$6.26M,$19.01M,$4.10M,23%,71%,22%
2023-09-12,2023-10-13,$12.62M,$3.05M,$7.49M,$1.37M,24%,59%,18%
2023-09-12,2023-10-20,$640.49M,$64.18M,$552.82M,$45.25M,10%,86%,8%
2023-09-12,2023-10-27,$9.52M,$8.41M,$7.58M,$6.89M,88%,80%,91%
2023-09-12,2023-11-17,$356.30M,$64.93M,$263.83M,$44.68M,18%,74%,17%
2023-09-12,2023-12-15,"$1,200.00M",$59.80M,$972.68M,$31.81M,5%,81%,3%
2023-09-13,2023-09-15,"$1,443.25M",($124.87)M,"$1,420.11M",($103.67)M,-9%,98%,-7.0%
2023-09-13,2023-09-22,$27.64M,($6.64)M,$19.96M,($4.68)M,-24%,72%,-23.0%
2023-09-13,2023-09-29,$237.18M,($25.57)M,$205.40M,($17.27)M,-11%,87%,-8.0%
2023-09-13,2023-10-06,$24.57M,($2.09)M,$14.70M,$0.07M,-9%,60%,0.0%
2023-09-13,2023-10-13,$11.31M,($1.31)M,$5.56M,($0.52)M,-12%,49%,-9.0%
2023-09-13,2023-10-20,$591.77M,($48.72)M,$503.17M,($29.95)M,-8%,85%,-6.0%
2023-09-13,2023-10-27,$10.54M,$1.02M,$6.37M,$0.50M,10%,60%,8.0%
2023-09-13,2023-11-17,$345.79M,($10.51)M,$240.99M,($0.65)M,-3%,70%,0.0%
2023-09-13,2023-12-15,"$1,143.39M",($56.61)M,$917.01M,($24.29)M,-5%,80%,-3.0%
2023-09-14,2023-09-15,"$1,417.44M",($25.82)M,"$1,405.89M",($19.46)M,-2%,99%,-1%
2023-09-14,2023-09-22,$27.43M,($0.21)M,$20.70M,($0.37)M,-1%,75%,-2%
2023-09-14,2023-09-29,$235.78M,($1.39)M,$210.24M,$1.45M,-1%,89%,1%
2023-09-14,2023-10-06,$24.61M,$0.04M,$16.19M,$0.35M,0%,66%,2%
2023-09-14,2023-10-13,$13.56M,$2.25M,$6.88M,$0.97M,17%,51%,14%
2023-09-14,2023-10-20,$590.58M,($1.19)M,$512.06M,($0.60)M,0%,87%,0%
2023-09-14,2023-10-27,$10.68M,$0.14M,$7.15M,($0.05)M,1%,67%,-1%
2023-09-14,2023-11-17,$391.30M,$45.50M,$292.95M,$40.54M,12%,75%,14%
2023-09-14,2023-12-15,"$1,162.95M",$19.56M,$945.40M,$21.52M,2%,81%,2%
2023-09-15,2023-09-15,$16.86M,"($1,400.58)M",$13.19M,"($1,402.65)M",-8 309%,78%,-10 632%
2023-09-15,2023-09-22,$18.76M,($8.67)M,$13.64M,($11.64)M,-46%,73%,-85%
2023-09-15,2023-09-29,$106.59M,($129.20)M,$90.05M,($136.57)M,-121%,84%,-152%
2023-09-15,2023-10-06,$32.24M,$7.63M,$27.70M,$6.00M,24%,86%,22%
2023-09-15,2023-10-13,$20.37M,$6.81M,$14.89M,$4.96M,33%,73%,33%
2023-09-15,2023-10-20,$693.99M,$103.42M,$629.80M,$83.68M,15%,91%,13%
2023-09-15,2023-10-27,$19.16M,$8.48M,$15.63M,$6.92M,44%,82%,44%
2023-09-15,2023-11-17,$477.14M,$85.84M,$390.95M,$62.69M,18%,82%,16%
2023-09-15,2023-12-15,"$1,285.64M",$122.70M,"$1,093.22M",$76.90M,10%,85%,7%
2023-09-18,2023-09-22,$13.63M,($5.13)M,$4.32M,$3.50M,-38%,32%,81%
2023-09-18,2023-09-29,$57.39M,($49.20)M,$29.67M,($17.56)M,-86%,52%,-59%
2023-09-18,2023-10-06,$21.02M,($11.22)M,$12.22M,($4.03)M,-53%,58%,-33%
2023-09-18,2023-10-13,$15.48M,($4.89)M,$6.51M,($0.30)M,-32%,42%,-4%
2023-09-18,2023-10-20,$569.70M,($124.29)M,$459.97M,($67.92)M,-22%,81%,-15%
2023-09-18,2023-10-27,$18.33M,($0.83)M,$10.67M,($1.36)M,-4%,58%,-13%
2023-09-18,2023-11-17,$429.71M,($47.43)M,$284.93M,($4.74)M,-11%,66%,-2%
2023-09-18,2023-12-15,"$1,131.34M",($154.30)M,$892.59M,($80.13)M,-14%,79%,-9%
2023-09-19,2023-09-22,$16.19M,$2.56M,$7.08M,$2.77M,16%,44%,39%
2023-09-19,2023-09-29,$56.07M,($1.32)M,$29.83M,$0.16M,-2%,53%,0%
2023-09-19,2023-10-06,$21.82M,$0.80M,$12.70M,$0.48M,4%,58%,4%
2023-09-19,2023-10-13,$16.93M,$1.46M,$7.89M,$1.38M,9%,47%,17%
2023-09-19,2023-10-20,$582.22M,$12.52M,$470.80M,$10.82M,2%,81%,2%
2023-09-19,2023-10-27,$19.12M,$0.79M,$10.92M,$0.25M,4%,57%,2%
2023-09-19,2023-11-17,$442.64M,$12.93M,$287.82M,$2.89M,3%,65%,1%
2023-09-19,2023-12-15,"$1,140.11M",$8.77M,$893.02M,$0.43M,1%,78%,0%
2023-09-20,2023-09-22,$28.62M,$12.44M,$11.06M,$5.35M,44%,39%,48%
2023-09-20,2023-09-29,$48.73M,($7.34)M,$25.44M,($1.87)M,-15%,52%,-7%
2023-09-20,2023-10-06,$22.71M,$0.89M,$11.53M,$0.32M,4%,51%,3%
2023-09-20,2023-10-13,$16.15M,($0.78)M,$7.66M,$0.31M,-5%,47%,4%
2023-09-20,2023-10-20,$574.43M,($7.79)M,$460.33M,($5.22)M,-1%,80%,-1%
2023-09-20,2023-10-27,$29.38M,$10.27M,$10.97M,$0.29M,35%,37%,3%
2023-09-20,2023-11-17,$425.70M,($16.94)M,$275.76M,($10.79)M,-4%,65%,-4%
2023-09-20,2023-12-15,"$1,139.07M",($1.04)M,$889.30M,$1.54M,0%,78%,0%
2023-09-21,2023-09-22,$13.98M,($14.64)M,$7.46M,$3.70M,-105.0%,53%,50%
2023-09-21,2023-09-29,$29.63M,($19.10)M,$10.24M,$2.21M,-64.0%,35%,22%
2023-09-21,2023-10-06,$16.74M,($5.98)M,$5.57M,($0.36)M,-36.0%,33%,-6%
2023-09-21,2023-10-13,$12.87M,($3.28)M,$4.19M,($0.23)M,-26.0%,32%,-6%
2023-09-21,2023-10-20,$496.43M,($78.00)M,$387.81M,($36.33)M,-16.0%,78%,-9%
2023-09-21,2023-10-27,$24.92M,($4.46)M,$9.57M,$0.32M,-18.0%,38%,3%
2023-09-21,2023-11-17,$393.96M,($31.75)M,$249.90M,$7.54M,-8.0%,63%,3%
2023-09-21,2023-12-15,"$1,065.55M",($73.52)M,$805.81M,($26.75)M,-7.0%,76%,-3%
2023-09-22,2023-09-22,$13.31M,($0.67)M,$4.99M,$3.07M,-5%,38%,62%
2023-09-22,2023-09-29,$22.87M,($6.77)M,$10.67M,$3.92M,-30%,47%,37%
2023-09-22,2023-10-06,$11.49M,($5.25)M,$3.44M,($0.17)M,-46%,30%,-5%
2023-09-22,2023-10-13,$10.26M,($2.61)M,$1.99M,($0.03)M,-26%,19%,-1%
2023-09-22,2023-10-20,$413.97M,($82.47)M,$326.79M,($29.65)M,-20%,79%,-9%
2023-09-22,2023-10-27,$20.77M,($4.15)M,$6.20M,($0.92)M,-20%,30%,-15%
2023-09-22,2023-11-17,$305.22M,($88.73)M,$168.94M,($35.96)M,-29%,55%,-21%
2023-09-22,2023-12-15,$898.39M,($167.16)M,$669.57M,($78.08)M,-19%,74%,-12%
2023-09-25,2023-09-29,$28.00M,$5.13M,$14.40M,$4.32M,18%,51%,30%
2023-09-25,2023-10-06,$12.27M,$0.78M,$3.78M,$0.42M,6%,31%,11%
2023-09-25,2023-10-13,$16.74M,$6.48M,$3.60M,$1.69M,39%,22%,47%
2023-09-25,2023-10-20,$392.87M,($21.09)M,$314.14M,($11.13)M,-5%,80%,-4%
2023-09-25,2023-10-27,$17.99M,($2.78)M,$5.39M,($0.27)M,-15%,30%,-5%
2023-09-25,2023-11-17,$305.05M,($0.17)M,$162.56M,($2.24)M,0%,53%,-1%
2023-09-25,2023-12-15,$899.07M,$0.68M,$659.10M,($5.60)M,0%,73%,-1%
2023-09-26,2023-09-29,$39.89M,$11.89M,$27.14M,$9.53M,30%,68%,35%
2023-09-26,2023-10-06,$18.15M,$5.88M,$8.76M,$4.21M,32%,48%,48%
2023-09-26,2023-10-13,$20.58M,$3.85M,$6.19M,$1.61M,19%,30%,26%
2023-09-26,2023-10-20,$405.19M,$12.32M,$325.65M,$6.77M,3%,80%,2%
2023-09-26,2023-10-27,$23.26M,$5.26M,$10.78M,$4.19M,23%,46%,39%
2023-09-26,2023-11-17,$330.84M,$25.79M,$182.07M,$8.64M,8%,55%,5%
2023-09-26,2023-12-15,$917.27M,$18.20M,$676.03M,$3.70M,2%,74%,0%
2023-09-27,2023-09-29,$29.00M,($10.89)M,$11.22M,$1.96M,-38%,39%,17%
2023-09-27,2023-10-06,$15.29M,($2.86)M,$4.15M,$1.09M,-19%,27%,26%
2023-09-27,2023-10-13,$20.81M,$0.23M,$4.81M,$2.38M,1%,23%,50%
2023-09-27,2023-10-20,$349.30M,($55.89)M,$259.86M,($21.53)M,-16%,74%,-8%
2023-09-27,2023-10-27,$20.41M,($2.84)M,$6.13M,$0.34M,-14%,30%,6%
2023-09-27,2023-11-17,$281.73M,($49.11)M,$124.04M,($7.81)M,-17%,44%,-6%
2023-09-27,2023-12-15,$811.74M,($105.53)M,$550.85M,($41.79)M,-13%,68%,-8%
2023-09-28,2023-09-29,$39.99M,$10.99M,$22.75M,$10.37M,28%,57%,46%
2023-09-28,2023-10-06,$22.77M,$7.48M,$10.24M,$5.36M,33%,45%,52%
2023-09-28,2023-10-13,$23.02M,$2.21M,$7.30M,$2.19M,10%,32%,30%
2023-09-28,2023-10-20,$360.89M,$11.59M,$273.83M,$10.86M,3%,76%,4%
2023-09-28,2023-10-27,$22.86M,$2.44M,$8.10M,$1.70M,11%,35%,21%
2023-09-28,2023-11-17,$274.13M,($7.60)M,$131.54M,$2.66M,-3%,48%,2%
2023-09-28,2023-12-15,$786.10M,($25.64)M,$540.50M,($14.27)M,-3%,69%,-3%
2023-09-29,2023-09-29,$52.46M,$12.47M,$40.38M,$11.72M,24.0%,77%,29%
2023-09-29,2023-10-06,$30.74M,$7.97M,$17.65M,$5.34M,26.0%,57%,30%
2023-09-29,2023-10-13,$30.90M,$7.88M,$13.62M,$4.23M,26.0%,44%,31%
2023-09-29,2023-10-20,$395.79M,$34.90M,$311.92M,$28.38M,9.0%,79%,9%
2023-09-29,2023-10-27,$26.97M,$4.12M,$10.17M,$0.90M,15.0%,38%,9%
2023-09-29,2023-11-17,$320.68M,$46.56M,$176.63M,$35.70M,14.0%,55%,20%
2023-09-29,2023-12-15,$833.67M,$47.57M,$562.11M,$14.26M,6.0%,67%,3%
2023-10-02,2023-10-06,$31.21M,$0.47M,$16.45M,$0.34M,1%,53%,2%
2023-10-02,2023-10-13,$28.30M,($2.60)M,$12.11M,$0.20M,-9%,43%,2%
2023-10-02,2023-10-20,$397.77M,$1.98M,$320.51M,$14.84M,0%,81%,5%
2023-10-02,2023-10-27,$26.09M,($0.88)M,$9.81M,$0.60M,-3%,38%,6%
2023-10-02,2023-11-03,$28.01M,($0.56)M,$12.34M,$1.71M,-2%,44%,14%
2023-10-02,2023-11-10,$5.83M,$2.42M,$1.72M,$0.86M,41%,30%,50%
2023-10-02,2023-11-17,$327.72M,$7.04M,$182.08M,$11.69M,2%,56%,6%
2023-10-02,2023-12-15,$826.68M,($6.98)M,$554.99M,($1.20)M,-1%,67%,0%
2023-10-04,2023-10-06,$24.12M,($7.09)M,$11.30M,$7.27M,-29%,47%,64%
2023-10-04,2023-10-13,$22.34M,($5.96)M,$5.55M,$1.17M,-27%,25%,21%
2023-10-04,2023-10-20,$306.84M,($90.93)M,$228.56M,($52.43)M,-30%,74%,-23%
2023-10-04,2023-10-27,$22.58M,($3.51)M,$5.14M,$0.15M,-16%,23%,3%
2023-10-04,2023-11-03,$26.13M,($1.89)M,$11.24M,$3.13M,-7%,43%,28%
2023-10-04,2023-11-10,$13.01M,$7.17M,$1.98M,$1.43M,55%,15%,72%
2023-10-04,2023-11-17,$291.32M,($36.40)M,$128.01M,($7.57)M,-12%,44%,-6%
2023-10-04,2023-12-15,$724.82M,($101.86)M,$469.10M,($41.40)M,-14%,65%,-9%
2023-10-05,2023-10-06,$36.53M,$12.41M,$23.69M,$8.29M,34%,65%,35%
2023-10-05,2023-10-13,$32.93M,$10.59M,$16.64M,$7.02M,32%,50%,42%
2023-10-05,2023-10-20,$353.98M,$47.14M,$273.10M,$35.08M,13%,77%,13%
2023-10-05,2023-10-27,$28.11M,$5.53M,$9.61M,$2.51M,20%,34%,26%
2023-10-05,2023-11-03,$32.35M,$6.21M,$15.57M,$2.31M,19%,48%,15%
2023-10-05,2023-11-10,$15.63M,$2.62M,$4.32M,$1.02M,17%,28%,24%
2023-10-05,2023-11-17,$335.33M,$44.02M,$162.76M,$14.27M,13%,48%,9%
2023-10-05,2023-12-15,$786.61M,$61.79M,$521.83M,$33.33M,8%,66%,6%
